,County,State,ID,Year,AvgDeg,StateBetNorm,StateBetStd,Patents
0,Ada County,ID,1,1976,0,0,0,11
1,Ada County,ID,1,1977,0,0,0,10
2,Ada County,ID,1,1978,0.142857143,0,0,15
3,Ada County,ID,1,1979,0,0,0,8
4,Ada County,ID,1,1980,0,0,0,16
5,Ada County,ID,1,1981,0,0,0,18
6,Ada County,ID,1,1982,0,0,0,17
7,Ada County,ID,1,1983,0,0,0,18
8,Ada County,ID,1,1984,0,0,0,16
9,Ada County,ID,1,1985,0,0,0,12
10,Ada County,ID,1,1986,0,0,0,11
11,Ada County,ID,1,1987,0,0,0,10
12,Ada County,ID,1,1988,0,0,0,15
13,Ada County,ID,1,1989,0,0,0,23
14,Ada County,ID,1,1990,0,0,0,44
15,Ada County,ID,1,1991,0,0,0,79
16,Ada County,ID,1,1992,0,0,0,120
17,Ada County,ID,1,1993,0.0625,0,0,197
18,Ada County,ID,1,1994,0.176470588,0,0,200
19,Ada County,ID,1,1995,0.384615385,0,0,133
20,Ada County,ID,1,1996,0.428571429,0,0,175
21,Ada County,ID,1,1997,0.384615385,0,0,383
22,Ada County,ID,1,1998,0.333333333,0,0,662
23,Ada County,ID,1,1999,0.19047619,0,0,981
24,Ada County,ID,1,2000,0.269230769,0,0,1348
25,Ada County,ID,1,2001,0.263157895,0,0,1669
26,Ada County,ID,1,2002,0.130434783,0,0,1855
27,Ada County,ID,1,2003,0.173913043,0,0,1742
28,Ada County,ID,1,2004,0.133333333,0,0,1815
29,Ada County,ID,1,2005,0.214285714,0,0,1611
30,Ada County,ID,1,2006,0.085714286,0,0,1664
31,Ada County,ID,1,2007,0.173913043,0,0,1504
32,Ada County,ID,1,2008,0.19047619,0,0,1293
33,Ada County,ID,1,2009,0.171428571,0,0,1024
34,Ada County,ID,1,2010,0.088235294,0.001893939,1,954
35,Ada County,ID,1,2011,0.129032258,0.004597701,2,997
36,Ada County,ID,1,2012,0.264705882,0,0,974
37,Ada County,ID,1,2013,0.2,0.012315271,5,1071
38,Ada County,ID,1,2014,0.258064516,0.04137931,18,1127
39,Ada County,ID,1,2015,0.195121951,0,0,1036
40,Ada County,ID,1,2016,0.181818182,0.006048387,3,912
41,Ada County,ID,1,2017,0.166666667,0,0,860
42,Ada County,ID,1,2018,0.048780488,0.001282051,1,994
43,Ada County,ID,1,2019,0.069767442,0.003484321,3,1347
44,Alameda County,CA,2,1976,0.051724138,0,0,146
45,Alameda County,CA,2,1977,0.046153846,0.000496032,1,147
46,Alameda County,CA,2,1978,0.033898305,0,0,127
47,Alameda County,CA,2,1979,0.021276596,0,0,105
48,Alameda County,CA,2,1980,0.020833333,0,0,110
49,Alameda County,CA,2,1981,0.041666667,0,0,121
50,Alameda County,CA,2,1982,0.047619048,0.001219512,1,118
51,Alameda County,CA,2,1983,0.094339623,0.003770739,5,143
52,Alameda County,CA,2,1984,0.037735849,0,0,175
53,Alameda County,CA,2,1985,0.032258065,0.000546448,1,158
54,Alameda County,CA,2,1986,0.044117647,0,0,170
55,Alameda County,CA,2,1987,0.079545455,0.002004812,7.5,236
56,Alameda County,CA,2,1988,0.034090909,0,0,226
57,Alameda County,CA,2,1989,0.118644068,0.004420866,30,316
58,Alameda County,CA,2,1990,0.077586207,0.002898551,19,314
59,Alameda County,CA,2,1991,0.082644628,0.003641457,26,330
60,Alameda County,CA,2,1992,0.110091743,0.005192108,30,341
61,Alameda County,CA,2,1993,0.118110236,0.004126984,32.5,390
62,Alameda County,CA,2,1994,0.072992701,0.004575163,42,442
63,Alameda County,CA,2,1995,0.109195402,0.00483936,72,564
64,Alameda County,CA,2,1996,0.198863636,0.013891626,211.5,687
65,Alameda County,CA,2,1997,0.248730964,0.021978022,420,811
66,Alameda County,CA,2,1998,0.297101449,0.021685468,817,1287
67,Alameda County,CA,2,1999,0.264808362,0.026916943,1097,1279
68,Alameda County,CA,2,2000,0.316326531,0.037811492,1617.5,1286
69,Alameda County,CA,2,2001,0.262686567,0.016044488,892.25,1351
70,Alameda County,CA,2,2002,0.293375394,0.019077758,949.5,1382
71,Alameda County,CA,2,2003,0.271929825,0.014956012,867,1447
72,Alameda County,CA,2,2004,0.273480663,0.022276085,1447.5,1468
73,Alameda County,CA,2,2005,0.224683544,0.014356486,710,1346
74,Alameda County,CA,2,2006,0.238095238,0.019378066,1224.5,1576
75,Alameda County,CA,2,2007,0.25617284,0.02062381,1072.5,1347
76,Alameda County,CA,2,2008,0.291946309,0.021271271,935,1220
77,Alameda County,CA,2,2009,0.271341463,0.022917018,1221.5,1285
78,Alameda County,CA,2,2010,0.323684211,0.040174645,2877.75,1678
79,Alameda County,CA,2,2011,0.27012987,0.033822436,2487.166667,1721
80,Alameda County,CA,2,2012,0.318295739,0.037350902,2950.833333,2002
81,Alameda County,CA,2,2013,0.331941545,0.040835183,4655.333333,2266
82,Alameda County,CA,2,2014,0.312910284,0.035934387,3727.833333,2315
83,Alameda County,CA,2,2015,0.370212766,0.046607621,5115,2274
84,Alameda County,CA,2,2016,0.35610766,0.047601384,5518,2256
85,Alameda County,CA,2,2017,0.376647834,0.055806018,7823.166667,2271
86,Alameda County,CA,2,2018,0.353901996,0.051061434,7709,2341
87,Alameda County,CA,2,2019,0.402597403,0.062204391,11744.5,2683
88,Boulder County,CO,3,1976,0,0,0,50
89,Boulder County,CO,3,1977,0,0,0,27
90,Boulder County,CO,3,1978,0,0,0,33
91,Boulder County,CO,3,1979,0,0,0,18
92,Boulder County,CO,3,1980,0,0,0,25
93,Boulder County,CO,3,1981,0.041666667,0,0,42
94,Boulder County,CO,3,1982,0,0,0,35
95,Boulder County,CO,3,1983,0,0,0,30
96,Boulder County,CO,3,1984,0.052631579,0,0,45
97,Boulder County,CO,3,1985,0.04,0,0,43
98,Boulder County,CO,3,1986,0,0,0,37
99,Boulder County,CO,3,1987,0.16,0.010869565,3,60
100,Boulder County,CO,3,1988,0.151515152,0.02016129,10,49
101,Boulder County,CO,3,1989,0.066666667,0,0,71
102,Boulder County,CO,3,1990,0.176470588,0.001893939,1,74
103,Boulder County,CO,3,1991,0.026315789,0,0,78
104,Boulder County,CO,3,1992,0.066666667,0,0,71
105,Boulder County,CO,3,1993,0.028571429,0,0,77
106,Boulder County,CO,3,1994,0.102564103,0.00284495,2,110
107,Boulder County,CO,3,1995,0.209302326,0.013937282,12,114
108,Boulder County,CO,3,1996,0.170731707,0.019230769,15,147
109,Boulder County,CO,3,1997,0.152173913,0.01010101,10,160
110,Boulder County,CO,3,1998,0.129032258,0.001639344,3,178
111,Boulder County,CO,3,1999,0.237288136,0.031760436,52.5,159
112,Boulder County,CO,3,2000,0.132075472,0.004524887,6,144
113,Boulder County,CO,3,2001,0.236111111,0.013078471,32.5,188
114,Boulder County,CO,3,2002,0.13559322,0.012704174,21,159
115,Boulder County,CO,3,2003,0.085106383,0.004830918,5,189
116,Boulder County,CO,3,2004,0.105263158,0.000649351,1,221
117,Boulder County,CO,3,2005,0.12195122,0.007692308,6,202
118,Boulder County,CO,3,2006,0.113636364,0.003322259,3,212
119,Boulder County,CO,3,2007,0.071428571,0,0,211
120,Boulder County,CO,3,2008,0.179487179,0.021337127,15,177
121,Boulder County,CO,3,2009,0,0,0,132
122,Boulder County,CO,3,2010,0.025,0,0,201
123,Boulder County,CO,3,2011,0.023809524,0,0,189
124,Boulder County,CO,3,2012,0.130434783,0.006060606,6,232
125,Boulder County,CO,3,2013,0.024390244,0,0,258
126,Boulder County,CO,3,2014,0.090909091,0.002096436,3,283
127,Boulder County,CO,3,2015,0.078431373,0.004897959,6,250
128,Boulder County,CO,3,2016,0.114754098,0.005084746,9,267
129,Boulder County,CO,3,2017,0.122807018,0.00974026,15,246
130,Boulder County,CO,3,2018,0.098039216,0.00244898,3,243
131,Boulder County,CO,3,2019,0.105263158,0.006493506,10,268
132,Collin County,TX,4,1976,0,0,0,2
133,Collin County,TX,4,1977,0,0,0,4
134,Collin County,TX,4,1978,0,0,0,2
135,Collin County,TX,4,1979,0.25,0,0,3
136,Collin County,TX,4,1980,0,0,0,2
137,Collin County,TX,4,1981,0,0,0,1
138,Collin County,TX,4,1982,0,0,0,2
139,Collin County,TX,4,1983,0,0,0,4
140,Collin County,TX,4,1984,0,0,0,3
141,Collin County,TX,4,1985,0,0,0,6
142,Collin County,TX,4,1986,0,0,0,12
143,Collin County,TX,4,1987,0,0,0,12
144,Collin County,TX,4,1988,0,0,0,14
145,Collin County,TX,4,1989,0,0,0,18
146,Collin County,TX,4,1990,0.076923077,0,0,19
147,Collin County,TX,4,1991,0,0,0,26
148,Collin County,TX,4,1992,0,0,0,29
149,Collin County,TX,4,1993,0,0,0,23
150,Collin County,TX,4,1994,0,0,0,31
151,Collin County,TX,4,1995,0,0,0,48
152,Collin County,TX,4,1996,0.04,0,0,52
153,Collin County,TX,4,1997,0,0,0,43
154,Collin County,TX,4,1998,0.12,0,0,119
155,Collin County,TX,4,1999,0.121212121,0,0,165
156,Collin County,TX,4,2000,0.117647059,0,0,151
157,Collin County,TX,4,2001,0.075,0,0,178
158,Collin County,TX,4,2002,0.065217391,0,0,192
159,Collin County,TX,4,2003,0.038461538,0,0,147
160,Collin County,TX,4,2004,0.036363636,0.000698812,1,153
161,Collin County,TX,4,2005,0.098039216,0,0,133
162,Collin County,TX,4,2006,0.072463768,0,0,188
163,Collin County,TX,4,2007,0.054545455,0,0,199
164,Collin County,TX,4,2008,0.035087719,0,0,147
165,Collin County,TX,4,2009,0.035714286,0,0,167
166,Collin County,TX,4,2010,0.038461538,0,0,241
167,Collin County,TX,4,2011,0.063291139,0,0,363
168,Collin County,TX,4,2012,0.072916667,0,0,553
169,Collin County,TX,4,2013,0.080808081,0,0,706
170,Collin County,TX,4,2014,0.129310345,0,0,985
171,Collin County,TX,4,2015,0.138211382,0,0,1140
172,Collin County,TX,4,2016,0.079365079,0,0,1230
173,Collin County,TX,4,2017,0.098360656,0.000413223,3,1262
174,Collin County,TX,4,2018,0.1,0,0,1236
175,Collin County,TX,4,2019,0.178082192,0.001628352,17,1219
176,Contra Costa County,CA,5,1976,0,0,0,29
177,Contra Costa County,CA,5,1977,0,0,0,36
178,Contra Costa County,CA,5,1978,0.047619048,0,0,33
179,Contra Costa County,CA,5,1979,0,0,0,27
180,Contra Costa County,CA,5,1980,0,0,0,32
181,Contra Costa County,CA,5,1981,0,0,0,37
182,Contra Costa County,CA,5,1982,0,0,0,33
183,Contra Costa County,CA,5,1983,0,0,0,18
184,Contra Costa County,CA,5,1984,0.05,0,0,24
185,Contra Costa County,CA,5,1985,0,0,0,23
186,Contra Costa County,CA,5,1986,0,0,0,27
187,Contra Costa County,CA,5,1987,0,0,0,38
188,Contra Costa County,CA,5,1988,0,0,0,32
189,Contra Costa County,CA,5,1989,0.034482759,0,0,55
190,Contra Costa County,CA,5,1990,0.0625,0,0,64
191,Contra Costa County,CA,5,1991,0.054054054,0.001587302,1,61
192,Contra Costa County,CA,5,1992,0.038461538,0,0,48
193,Contra Costa County,CA,5,1993,0.024390244,0,0,72
194,Contra Costa County,CA,5,1994,0.105263158,0.001501502,1,53
195,Contra Costa County,CA,5,1995,0.108108108,0,0,77
196,Contra Costa County,CA,5,1996,0.12195122,0.002564103,2,94
197,Contra Costa County,CA,5,1997,0.125,0.004048583,3,124
198,Contra Costa County,CA,5,1998,0.169811321,0.000754148,1,145
199,Contra Costa County,CA,5,1999,0.123076923,0.002480159,5,140
200,Contra Costa County,CA,5,2000,0.131147541,0,0,168
201,Contra Costa County,CA,5,2001,0.106666667,0,0,161
202,Contra Costa County,CA,5,2002,0.081081081,0,0,159
203,Contra Costa County,CA,5,2003,0.1,0.000426257,1,177
204,Contra Costa County,CA,5,2004,0.13559322,0,0,176
205,Contra Costa County,CA,5,2005,0.185185185,0.000725689,1,147
206,Contra Costa County,CA,5,2006,0.153846154,0.009411765,12,167
207,Contra Costa County,CA,5,2007,0.163265306,0.000886525,1,159
208,Contra Costa County,CA,5,2008,0.12962963,0.003628447,5,198
209,Contra Costa County,CA,5,2009,0.175438596,0.003246753,5,191
210,Contra Costa County,CA,5,2010,0.128205128,0.001708817,5,295
211,Contra Costa County,CA,5,2011,0.136986301,0.004303599,11,296
212,Contra Costa County,CA,5,2012,0.271428571,0.02344416,55,293
213,Contra Costa County,CA,5,2013,0.215909091,0.003475007,13,345
214,Contra Costa County,CA,5,2014,0.135802469,0.00221519,7,354
215,Contra Costa County,CA,5,2015,0.3,0.005256648,25.5,394
216,Contra Costa County,CA,5,2016,0.20212766,0.006661992,28.5,376
217,Contra Costa County,CA,5,2017,0.234042553,0.004675082,20,395
218,Contra Costa County,CA,5,2018,0.160377358,0.000549451,3,361
219,Contra Costa County,CA,5,2019,0.198347107,0.009453782,67.5,404
220,Cook County,IL,6,1976,0.0215311,0,0,2223
221,Cook County,IL,6,1977,0.04,0.000245328,22,2174
222,Cook County,IL,6,1978,0.04245283,0.000302511,27,2025
223,Cook County,IL,6,1979,0.032544379,0.000176629,10,1489
224,Cook County,IL,6,1980,0.037333333,0,0,1824
225,Cook County,IL,6,1981,0.031976744,5.11E-05,3,1767
226,Cook County,IL,6,1982,0.05,0.000394314,20,1745
227,Cook County,IL,6,1983,0.06744868,0.000156169,9,1736
228,Cook County,IL,6,1984,0.075208914,0.000406867,26,1926
229,Cook County,IL,6,1985,0.054347826,0.000282902,19,1943
230,Cook County,IL,6,1986,0.065963061,0.00012631,9,1818
231,Cook County,IL,6,1987,0.051212938,0.000292976,20,1945
232,Cook County,IL,6,1988,0.050938338,0.000405762,28,1822
233,Cook County,IL,6,1989,0.058962264,0.000526593,47,2125
234,Cook County,IL,6,1990,0.064197531,0.000638774,52,2059
235,Cook County,IL,6,1991,0.076923077,0.000372204,30,2150
236,Cook County,IL,6,1992,0.05655527,7.99E-05,6,2250
237,Cook County,IL,6,1993,0.052631579,0.000362971,26,2300
238,Cook County,IL,6,1994,0.065693431,0.00081102,68,2360
239,Cook County,IL,6,1995,0.066508314,0.000897829,79,2610
240,Cook County,IL,6,1996,0.096153846,0.001257203,108,2729
241,Cook County,IL,6,1997,0.11025641,0.003007977,227,2670
242,Cook County,IL,6,1998,0.126126126,0.001945803,190.5,3277
243,Cook County,IL,6,1999,0.128959276,0.002875696,279,2925
244,Cook County,IL,6,2000,0.105882353,0.00173402,155.5,2994
245,Cook County,IL,6,2001,0.176348548,0.007293832,842,2588
246,Cook County,IL,6,2002,0.163069544,0.009296803,802.5,2436
247,Cook County,IL,6,2003,0.140703518,0.003352161,263.5,2355
248,Cook County,IL,6,2004,0.147582697,0.006367764,488,2397
249,Cook County,IL,6,2005,0.153631285,0.006184496,393,2123
250,Cook County,IL,6,2006,0.160671463,0.00176089,152,2552
251,Cook County,IL,6,2007,0.170050761,0.006276938,483.5,2230
252,Cook County,IL,6,2008,0.133144476,0.00241194,149,2074
253,Cook County,IL,6,2009,0.113888889,0.004691804,301.5,2256
254,Cook County,IL,6,2010,0.191066998,0.008858451,714,2759
255,Cook County,IL,6,2011,0.188095238,0.009601733,840.8333333,2534
256,Cook County,IL,6,2012,0.177927928,0.009550269,935,2688
257,Cook County,IL,6,2013,0.181425486,0.00988816,1053,3008
258,Cook County,IL,6,2014,0.176733781,0.011457651,1137,3428
259,Cook County,IL,6,2015,0.171875,0.010541962,1050.833333,3243
260,Cook County,IL,6,2016,0.167364017,0.006245265,709,3230
261,Cook County,IL,6,2017,0.206896552,0.013109963,1583.5,3644
262,Cook County,IL,6,2018,0.213483146,0.016957138,1667.666667,3537
263,Cook County,IL,6,2019,0.20610687,0.016171806,2207.5,4257
264,Dallas County,TX,7,1976,0.043956044,0,0,505
265,Dallas County,TX,7,1977,0.02970297,0.00020202,1,421
266,Dallas County,TX,7,1978,0.011627907,0,0,426
267,Dallas County,TX,7,1979,0.038961039,0,0,350
268,Dallas County,TX,7,1980,0.011494253,0,0,401
269,Dallas County,TX,7,1981,0.02,0,0,468
270,Dallas County,TX,7,1982,0,0,0,431
271,Dallas County,TX,7,1983,0.083333333,0.001343785,6,475
272,Dallas County,TX,7,1984,0.072916667,0.001119821,5,555
273,Dallas County,TX,7,1985,0.064814815,0.000176336,1,605
274,Dallas County,TX,7,1986,0.053097345,0,0,552
275,Dallas County,TX,7,1987,0.084745763,0.000736811,5,645
276,Dallas County,TX,7,1988,0.044247788,0.000160875,1,488
277,Dallas County,TX,7,1989,0.040540541,0.000186376,2,761
278,Dallas County,TX,7,1990,0.024193548,0.00013328,1,602
279,Dallas County,TX,7,1991,0.047619048,0.00028342,3,718
280,Dallas County,TX,7,1992,0.064102564,0.000167574,2,800
281,Dallas County,TX,7,1993,0.065789474,0,0,751
282,Dallas County,TX,7,1994,0.098265896,0,0,961
283,Dallas County,TX,7,1995,0.101694915,0.000714286,11,988
284,Dallas County,TX,7,1996,0.125603865,0.000994554,21,1102
285,Dallas County,TX,7,1997,0.096256684,0.00220866,38,1108
286,Dallas County,TX,7,1998,0.085308057,0,0,1239
287,Dallas County,TX,7,1999,0.083700441,0,0,1247
288,Dallas County,TX,7,2000,0.071428571,0.000605987,15,1377
289,Dallas County,TX,7,2001,0.084070796,0.000714286,18,1487
290,Dallas County,TX,7,2002,0.129464286,0.002423949,60,1342
291,Dallas County,TX,7,2003,0.101321586,0.000235988,6,1374
292,Dallas County,TX,7,2004,0.119815668,0.000732127,17,1481
293,Dallas County,TX,7,2005,0.061797753,0.000256805,4,1191
294,Dallas County,TX,7,2006,0.053811659,0.001019119,25,1460
295,Dallas County,TX,7,2007,0.089473684,0.001857481,33,1283
296,Dallas County,TX,7,2008,0.045918367,0,0,1234
297,Dallas County,TX,7,2009,0.059701493,0.000703518,14,1104
298,Dallas County,TX,7,2010,0.060728745,0.00016592,5,1381
299,Dallas County,TX,7,2011,0.062761506,0.000496401,14,1333
300,Dallas County,TX,7,2012,0.113207547,0.002333218,81,1478
301,Dallas County,TX,7,2013,0.080385852,0.000709886,34,1573
302,Dallas County,TX,7,2014,0.10443038,0.000909918,45,1724
303,Dallas County,TX,7,2015,0.096551724,0.000168205,7,1672
304,Dallas County,TX,7,2016,0.13442623,0.003604308,166,1812
305,Dallas County,TX,7,2017,0.120943953,0.000263375,15,1972
306,Dallas County,TX,7,2018,0.097058824,0.001483654,85,1928
307,Dallas County,TX,7,2019,0.092957746,0.000704214,44,2189
308,Dutchess County,NY,8,1976,0,0,0,10
309,Dutchess County,NY,8,1977,0,0,0,9
310,Dutchess County,NY,8,1978,0,0,0,10
311,Dutchess County,NY,8,1979,0,0,0,7
312,Dutchess County,NY,8,1980,0,0,0,6
313,Dutchess County,NY,8,1981,0,0,0,5
314,Dutchess County,NY,8,1982,0,0,0,6
315,Dutchess County,NY,8,1983,0,0,0,5
316,Dutchess County,NY,8,1984,0,0,0,7
317,Dutchess County,NY,8,1985,0,0,0,13
318,Dutchess County,NY,8,1986,0,0,0,6
319,Dutchess County,NY,8,1987,0,0,0,6
320,Dutchess County,NY,8,1988,0,0,0,8
321,Dutchess County,NY,8,1989,0,0,0,7
322,Dutchess County,NY,8,1990,0.125,0,0,8
323,Dutchess County,NY,8,1991,0,0,0,4
324,Dutchess County,NY,8,1992,0,0,0,5
325,Dutchess County,NY,8,1993,0,0,0,9
326,Dutchess County,NY,8,1994,0,0,0,19
327,Dutchess County,NY,8,1995,0,0,0,10
328,Dutchess County,NY,8,1996,0,0,0,11
329,Dutchess County,NY,8,1997,0,0,0,16
330,Dutchess County,NY,8,1998,0,0,0,14
331,Dutchess County,NY,8,1999,0,0,0,19
332,Dutchess County,NY,8,2000,0.285714286,0,0,26
333,Dutchess County,NY,8,2001,0.181818182,0,0,23
334,Dutchess County,NY,8,2002,0.5,0,0,19
335,Dutchess County,NY,8,2003,0.266666667,0,0,31
336,Dutchess County,NY,8,2004,0.083333333,0,0,19
337,Dutchess County,NY,8,2005,0.111111111,0,0,11
338,Dutchess County,NY,8,2006,0,0,0,7
339,Dutchess County,NY,8,2007,0,0,0,10
340,Dutchess County,NY,8,2008,0,0,0,1
341,Dutchess County,NY,8,2009,0,0,0,7
342,Dutchess County,NY,8,2010,0,0,0,4
343,Dutchess County,NY,8,2011,0,0,0,8
344,Dutchess County,NY,8,2012,0,0,0,3
345,Dutchess County,NY,8,2013,0,0,0,5
346,Dutchess County,NY,8,2014,0,0,0,5
347,Dutchess County,NY,8,2015,0.176470588,0,0,76
348,Dutchess County,NY,8,2016,0.111111111,0,0,11
349,Dutchess County,NY,8,2017,0,0,0,6
350,Dutchess County,NY,8,2018,0,0,0,10
351,Dutchess County,NY,8,2019,0,0,0,13
352,Fairfield County,CT,9,1976,0.06779661,0.000442087,3,1461
353,Fairfield County,CT,9,1977,0.094017094,0.001649175,11,1411
354,Fairfield County,CT,9,1978,0.055045872,0.000519211,3,1413
355,Fairfield County,CT,9,1979,0.089285714,0.001474201,9,967
356,Fairfield County,CT,9,1980,0.090909091,0.00210084,15,1178
357,Fairfield County,CT,9,1981,0.12173913,0.006210216,40,1359
358,Fairfield County,CT,9,1982,0.101010101,0.005259836,25,1301
359,Fairfield County,CT,9,1983,0.087719298,0.004108723,26,1376
360,Fairfield County,CT,9,1984,0.165289256,0.004061625,29,1412
361,Fairfield County,CT,9,1985,0.112,0.004196171,32,1546
362,Fairfield County,CT,9,1986,0.133333333,0.001424299,10,1308
363,Fairfield County,CT,9,1987,0.108695652,0.003649635,34,1238
364,Fairfield County,CT,9,1988,0.082758621,0.002525253,26,1185
365,Fairfield County,CT,9,1989,0.083333333,0.004815032,41,1233
366,Fairfield County,CT,9,1990,0.118644068,0.005452402,37,1009
367,Fairfield County,CT,9,1991,0.140740741,0.004601055,41,1110
368,Fairfield County,CT,9,1992,0.096491228,0.00505689,32,1239
369,Fairfield County,CT,9,1993,0.0859375,0.001499813,12,1325
370,Fairfield County,CT,9,1994,0.106870229,0.002265951,19,1284
371,Fairfield County,CT,9,1995,0.161538462,0.002664729,22,1262
372,Fairfield County,CT,9,1996,0.138686131,0.004466231,41,1390
373,Fairfield County,CT,9,1997,0.104895105,0.003396264,34,1263
374,Fairfield County,CT,9,1998,0.163636364,0.002843035,38,1632
375,Fairfield County,CT,9,1999,0.125,0.003900963,49,1515
376,Fairfield County,CT,9,2000,0.166666667,0.0056273,78,1375
377,Fairfield County,CT,9,2001,0.198757764,0.004402516,56,1614
378,Fairfield County,CT,9,2002,0.164634146,0.00621071,82,1629
379,Fairfield County,CT,9,2003,0.094594595,0.002050135,22,1570
380,Fairfield County,CT,9,2004,0.146853147,0.004694836,47,1301
381,Fairfield County,CT,9,2005,0.083969466,0.003339296,28,1220
382,Fairfield County,CT,9,2006,0.108843537,0.001228153,13,1267
383,Fairfield County,CT,9,2007,0.152777778,0.00965232,98,1119
384,Fairfield County,CT,9,2008,0.137254902,0.006138614,31,1048
385,Fairfield County,CT,9,2009,0.12195122,0.002438694,18,1142
386,Fairfield County,CT,9,2010,0.118110236,0.002793651,22,1532
387,Fairfield County,CT,9,2011,0.141843972,0.003905447,38,1579
388,Fairfield County,CT,9,2012,0.119402985,0.001367054,12,1628
389,Fairfield County,CT,9,2013,0.209302326,0.005659449,46,1567
390,Fairfield County,CT,9,2014,0.14893617,0.000719424,7,1548
391,Fairfield County,CT,9,2015,0.108527132,0.001845472,15,1366
392,Fairfield County,CT,9,2016,0.112,0.000655652,5,1212
393,Fairfield County,CT,9,2017,0.100775194,0.000123031,1,1148
394,Fairfield County,CT,9,2018,0.106382979,0.000308325,3,1019
395,Fairfield County,CT,9,2019,0.12244898,0.002078413,22,1229
396,Fort Bend County,TX,10,1976,0,0,0,1
397,Fort Bend County,TX,10,1977,0.25,0,0,4
398,Fort Bend County,TX,10,1978,0,0,0,3
399,Fort Bend County,TX,10,1979,0,0,0,3
400,Fort Bend County,TX,10,1980,0,0,0,4
401,Fort Bend County,TX,10,1981,0,0,0,4
402,Fort Bend County,TX,10,1982,0,0,0,3
403,Fort Bend County,TX,10,1983,0,0,0,11
404,Fort Bend County,TX,10,1984,0,0,0,13
405,Fort Bend County,TX,10,1985,0,0,0,10
406,Fort Bend County,TX,10,1986,0,0,0,9
407,Fort Bend County,TX,10,1987,0,0,0,6
408,Fort Bend County,TX,10,1988,0,0,0,15
409,Fort Bend County,TX,10,1989,0,0,0,27
410,Fort Bend County,TX,10,1990,0,0,0,17
411,Fort Bend County,TX,10,1991,0,0,0,11
412,Fort Bend County,TX,10,1992,0,0,0,14
413,Fort Bend County,TX,10,1993,0,0,0,15
414,Fort Bend County,TX,10,1994,0,0,0,28
415,Fort Bend County,TX,10,1995,0,0,0,32
416,Fort Bend County,TX,10,1996,0,0,0,29
417,Fort Bend County,TX,10,1997,0.076923077,0,0,40
418,Fort Bend County,TX,10,1998,0.05,0,0,63
419,Fort Bend County,TX,10,1999,0.368421053,0,0,84
420,Fort Bend County,TX,10,2000,0.055555556,0,0,103
421,Fort Bend County,TX,10,2001,0.058823529,0,0,143
422,Fort Bend County,TX,10,2002,0.260869565,0.008658009,2,163
423,Fort Bend County,TX,10,2003,0.045454545,0,0,206
424,Fort Bend County,TX,10,2004,0.047619048,0,0,217
425,Fort Bend County,TX,10,2005,0,0,0,184
426,Fort Bend County,TX,10,2006,0.043478261,0,0,225
427,Fort Bend County,TX,10,2007,0.172413793,0.013227513,5,221
428,Fort Bend County,TX,10,2008,0.130434783,0.012987013,3,243
429,Fort Bend County,TX,10,2009,0.166666667,0.007905138,2,241
430,Fort Bend County,TX,10,2010,0.16,0.003623188,1,404
431,Fort Bend County,TX,10,2011,0.09375,0.004301075,2,396
432,Fort Bend County,TX,10,2012,0.033333333,0,0,489
433,Fort Bend County,TX,10,2013,0.119047619,0.004878049,4,530
434,Fort Bend County,TX,10,2014,0.15,0,0,569
435,Fort Bend County,TX,10,2015,0.147058824,0.001893939,1,482
436,Fort Bend County,TX,10,2016,0.081081081,0,0,529
437,Fort Bend County,TX,10,2017,0.106382979,0,0,530
438,Fort Bend County,TX,10,2018,0.078431373,0.000816327,1,452
439,Fort Bend County,TX,10,2019,0.133333333,0.002922268,5,711
440,Harris County,TX,11,1976,0.060606061,0,0,490
441,Harris County,TX,11,1977,0.075471698,0.000732601,4,448
442,Harris County,TX,11,1978,0.070175439,0.000158028,1,469
443,Harris County,TX,11,1979,0.028571429,0,0,326
444,Harris County,TX,11,1980,0.039215686,0,0,387
445,Harris County,TX,11,1981,0.03030303,0,0,462
446,Harris County,TX,11,1982,0.035087719,0.000158028,1,368
447,Harris County,TX,11,1983,0.03125,0,0,415
448,Harris County,TX,11,1984,0.073529412,0.00066335,6,524
449,Harris County,TX,11,1985,0.037267081,0,0,595
450,Harris County,TX,11,1986,0.085365854,0,0,632
451,Harris County,TX,11,1987,0.053763441,0,0,678
452,Harris County,TX,11,1988,0.047619048,7.21E-05,1,644
453,Harris County,TX,11,1989,0.065,0.000152277,3,976
454,Harris County,TX,11,1990,0.073033708,0.000385208,6,838
455,Harris County,TX,11,1991,0.093167702,0.001572327,20,819
456,Harris County,TX,11,1992,0.057971014,0.000142079,3,887
457,Harris County,TX,11,1993,0.068965517,0.000689621,14,875
458,Harris County,TX,11,1994,0.061403509,0.000974621,25,996
459,Harris County,TX,11,1995,0.04,0.000200192,5,854
460,Harris County,TX,11,1996,0.076271186,0.000945626,26,879
461,Harris County,TX,11,1997,0.094262295,0.001496446,44,885
462,Harris County,TX,11,1998,0.098976109,0.00032952,14,1189
463,Harris County,TX,11,1999,0.100694444,0.000402037,16.5,1246
464,Harris County,TX,11,2000,0.1875,0.00496105,181.5,1439
465,Harris County,TX,11,2001,0.124113475,0.001550585,61,1614
466,Harris County,TX,11,2002,0.170289855,0.001605839,60.5,1517
467,Harris County,TX,11,2003,0.181481481,0.002080675,75,2637
468,Harris County,TX,11,2004,0.17921147,0.005558008,214,3132
469,Harris County,TX,11,2005,0.1875,0.008645417,214,3038
470,Harris County,TX,11,2006,0.215488215,0.015025195,656,3796
471,Harris County,TX,11,2007,0.231034483,0.012999808,541,3056
472,Harris County,TX,11,2008,0.159533074,0.004626225,151,2958
473,Harris County,TX,11,2009,0.2125,0.008227559,234,2772
474,Harris County,TX,11,2010,0.192429022,0.008519188,424,3538
475,Harris County,TX,11,2011,0.243076923,0.021095313,1103.833333,3338
476,Harris County,TX,11,2012,0.201780415,0.013130775,739,3570
477,Harris County,TX,11,2013,0.218085106,0.010196078,715,4017
478,Harris County,TX,11,2014,0.230215827,0.012173695,1050.833333,4519
479,Harris County,TX,11,2015,0.230593607,0.014546988,1385.833333,4359
480,Harris County,TX,11,2016,0.202247191,0.010876565,1069.666667,4152
481,Harris County,TX,11,2017,0.232848233,0.01427888,1641.5,4388
482,Harris County,TX,11,2018,0.228282828,0.012819144,1561,4398
483,Harris County,TX,11,2019,0.273809524,0.012983237,2233,5531
484,Hays County,TX,12,1976,0,0,0,2
485,Hays County,TX,12,1977,0,0,0,0
486,Hays County,TX,12,1978,0,0,0,1
487,Hays County,TX,12,1979,0,0,0,0
488,Hays County,TX,12,1980,0,0,0,1
489,Hays County,TX,12,1981,0,0,0,2
490,Hays County,TX,12,1982,0,0,0,1
491,Hays County,TX,12,1983,0,0,0,1
492,Hays County,TX,12,1984,0,0,0,6
493,Hays County,TX,12,1985,0,0,0,3
494,Hays County,TX,12,1986,0,0,0,0
495,Hays County,TX,12,1987,0,0,0,4
496,Hays County,TX,12,1988,0,0,0,2
497,Hays County,TX,12,1989,0,0,0,1
498,Hays County,TX,12,1990,0,0,0,3
499,Hays County,TX,12,1991,0,0,0,0
500,Hays County,TX,12,1992,0,0,0,4
501,Hays County,TX,12,1993,0,0,0,1
502,Hays County,TX,12,1994,0,0,0,0
503,Hays County,TX,12,1995,0,0,0,5
504,Hays County,TX,12,1996,0,0,0,4
505,Hays County,TX,12,1997,0,0,0,4
506,Hays County,TX,12,1998,0,0,0,2
507,Hays County,TX,12,1999,0,0,0,3
508,Hays County,TX,12,2000,0,0,0,5
509,Hays County,TX,12,2001,0,0,0,6
510,Hays County,TX,12,2002,0,0,0,4
511,Hays County,TX,12,2003,0,0,0,1
512,Hays County,TX,12,2004,0,0,0,6
513,Hays County,TX,12,2005,0,0,0,3
514,Hays County,TX,12,2006,0,0,0,4
515,Hays County,TX,12,2007,0,0,0,2
516,Hays County,TX,12,2008,0,0,0,7
517,Hays County,TX,12,2009,0,0,0,1
518,Hays County,TX,12,2010,0.25,0,0,5
519,Hays County,TX,12,2011,0,0,0,3
520,Hays County,TX,12,2012,0.111111111,0,0,14
521,Hays County,TX,12,2013,0,0,0,6
522,Hays County,TX,12,2014,0,0,0,7
523,Hays County,TX,12,2015,0.555555556,0.178571429,5,14
524,Hays County,TX,12,2016,0.066666667,0,0,24
525,Hays County,TX,12,2017,0.083333333,0,0,38
526,Hays County,TX,12,2018,0.1,0,0,37
527,Hays County,TX,12,2019,0.176470588,0.016666667,2,30
528,Hennepin County,MN,13,1976,0.047619048,0.000560119,3,346
529,Hennepin County,MN,13,1977,0.038461538,0.000190367,1,337
530,Hennepin County,MN,13,1978,0.009433962,0,0,358
531,Hennepin County,MN,13,1979,0.036585366,0.000308642,1,323
532,Hennepin County,MN,13,1980,0.027522936,0.00017307,1,382
533,Hennepin County,MN,13,1981,0.101010101,0.001262361,6,405
534,Hennepin County,MN,13,1982,0.029126214,0.000194137,1,406
535,Hennepin County,MN,13,1983,0.028846154,0.000190367,1,440
536,Hennepin County,MN,13,1984,0.042016807,0.000144865,1,463
537,Hennepin County,MN,13,1985,0.041666667,9.85E-05,1,524
538,Hennepin County,MN,13,1986,0.050724638,0.000322027,3,491
539,Hennepin County,MN,13,1987,0.048780488,0.000454442,6,566
540,Hennepin County,MN,13,1988,0.074324324,0.000559128,6,558
541,Hennepin County,MN,13,1989,0.068181818,0.000328407,5,700
542,Hennepin County,MN,13,1990,0.082352941,0.000493097,7,625
543,Hennepin County,MN,13,1991,0.082352941,0.000352212,5,640
544,Hennepin County,MN,13,1992,0.077777778,0.000251083,4,718
545,Hennepin County,MN,13,1993,0.073170732,0.001255675,26,769
546,Hennepin County,MN,13,1994,0.076233184,0.001039501,25.5,936
547,Hennepin County,MN,13,1995,0.106598985,0.003872318,74,809
548,Hennepin County,MN,13,1996,0.121848739,0.001859401,52,788
549,Hennepin County,MN,13,1997,0.12987013,0.003341561,88,786
550,Hennepin County,MN,13,1998,0.163120567,0.001169293,46,1144
551,Hennepin County,MN,13,1999,0.164383562,0.001990757,84,1209
552,Hennepin County,MN,13,2000,0.157894737,0.001094909,44,1278
553,Hennepin County,MN,13,2001,0.153846154,0.001641524,60.5,1161
554,Hennepin County,MN,13,2002,0.150943396,0.001497868,52,1172
555,Hennepin County,MN,13,2003,0.20212766,0.005795628,228,1421
556,Hennepin County,MN,13,2004,0.138461538,0.001316932,44,1223
557,Hennepin County,MN,13,2005,0.127659574,0.000733649,20,1073
558,Hennepin County,MN,13,2006,0.171875,0.003211363,104,1280
559,Hennepin County,MN,13,2007,0.116,0.001748931,54,1227
560,Hennepin County,MN,13,2008,0.117408907,0.000846192,25.5,1177
561,Hennepin County,MN,13,2009,0.142241379,0.001317523,35,1312
562,Hennepin County,MN,13,2010,0.235099338,0.001439646,65,1986
563,Hennepin County,MN,13,2011,0.254295533,0.012146522,509,2058
564,Hennepin County,MN,13,2012,0.173633441,0.003194488,153,2107
565,Hennepin County,MN,13,2013,0.196825397,0.006267679,308,2111
566,Hennepin County,MN,13,2014,0.247648903,0.014830466,747.5,2263
567,Hennepin County,MN,13,2015,0.20668693,0.011579772,621,1963
568,Hennepin County,MN,13,2016,0.222535211,0.010323138,645,1885
569,Hennepin County,MN,13,2017,0.193939394,0.004679739,252.5,1989
570,Hennepin County,MN,13,2018,0.206303725,0.009241777,558,1787
571,Hennepin County,MN,13,2019,0.211886305,0.009781755,726.8333333,2243
572,King County,MA,14,1976,0.075471698,0,0,193
573,King County,MA,14,1977,0.12,0,0,173
574,King County,MA,14,1978,0.031746032,0,0,192
575,King County,MA,14,1979,0.096153846,0.002352941,3,163
576,King County,MA,14,1980,0.053571429,0,0,195
577,King County,MA,14,1981,0.119047619,0.007317073,6,198
578,King County,MA,14,1982,0.066666667,0.003171247,3,179
579,King County,MA,14,1983,0.068965517,0.001253133,2,217
580,King County,MA,14,1984,0.101449275,0.003511853,8,251
581,King County,MA,14,1985,0.166666667,0.000881575,3,262
582,King County,MA,14,1986,0.085365854,0.004320988,14,264
583,King County,MA,14,1987,0.123595506,0.00862069,33,347
584,King County,MA,14,1988,0.066037736,0.000549451,3,343
585,King County,MA,14,1989,0.11965812,0.003898051,26,450
586,King County,MA,14,1990,0.09009009,0.002168474,13,410
587,King County,MA,14,1991,0.113821138,0.007180599,53,443
588,King County,MA,14,1992,0.147540984,0.011983471,87,451
589,King County,MA,14,1993,0.144,0.009047994,69,451
590,King County,MA,14,1994,0.087837838,0.003261579,35,418
591,King County,MA,14,1995,0.156462585,0.009069438,96,537
592,King County,MA,14,1996,0.12568306,0.005342724,88,620
593,King County,MA,14,1997,0.168224299,0.010873417,245.5,840
594,King County,MA,14,1998,0.216,0.009505765,293.5,1123
595,King County,MA,14,1999,0.202380952,0.012037185,377.6666667,1161
596,King County,MA,14,2000,0.213675214,0.011747077,317.5,1138
597,King County,MA,14,2001,0.211382114,0.019203747,574,1355
598,King County,MA,14,2002,0.17721519,0.005824017,161.5,1351
599,King County,MA,14,2003,0.196581197,0.009779981,264.3333333,1429
600,King County,MA,14,2004,0.162995595,0.004208456,107,1440
601,King County,MA,14,2005,0.1625,0.007840793,223,1490
602,King County,MA,14,2006,0.2,0.010770657,402.8333333,2424
603,King County,MA,14,2007,0.211764706,0.022159285,712,2780
604,King County,MA,14,2008,0.201492537,0.015685281,557,3051
605,King County,MA,14,2009,0.24497992,0.020585739,630.5,3934
606,King County,MA,14,2010,0.268987342,0.021879823,1082.066667,4397
607,King County,MA,14,2011,0.25304878,0.021050262,1122,3580
608,King County,MA,14,2012,0.236413043,0.019892497,1336,4261
609,King County,MA,14,2013,0.233576642,0.015560061,1304.633333,4531
610,King County,MA,14,2014,0.305747126,0.020702645,1945.24127,4782
611,King County,MA,14,2015,0.337349398,0.024728334,2114.05,4744
612,King County,MA,14,2016,0.346330275,0.029965217,2828.566667,5274
613,King County,MA,14,2017,0.339784946,0.019798283,2126.652381,5676
614,King County,MA,14,2018,0.340163934,0.031124232,3683.272727,5696
615,King County,MA,14,2019,0.380610413,0.039001231,6017.5,7330
616,Lake County,IL,15,1976,0.028571429,0,0,192
617,Lake County,IL,15,1977,0.04,0,0,202
618,Lake County,IL,15,1978,0,0,0,230
619,Lake County,IL,15,1979,0.095238095,0.005263158,1,151
620,Lake County,IL,15,1980,0.037037037,0,0,281
621,Lake County,IL,15,1981,0.054054054,0,0,275
622,Lake County,IL,15,1982,0,0,0,226
623,Lake County,IL,15,1983,0.028571429,0,0,198
624,Lake County,IL,15,1984,0,0,0,208
625,Lake County,IL,15,1985,0,0,0,180
626,Lake County,IL,15,1986,0.028571429,0,0,185
627,Lake County,IL,15,1987,0.075,0,0,244
628,Lake County,IL,15,1988,0.04,0,0,225
629,Lake County,IL,15,1989,0.037037037,0,0,275
630,Lake County,IL,15,1990,0.015625,0,0,237
631,Lake County,IL,15,1991,0.080645161,0,0,282
632,Lake County,IL,15,1992,0.056338028,0,0,246
633,Lake County,IL,15,1993,0.044117647,0,0,248
634,Lake County,IL,15,1994,0.049180328,0,0,277
635,Lake County,IL,15,1995,0.040540541,0,0,255
636,Lake County,IL,15,1996,0.03030303,0,0,265
637,Lake County,IL,15,1997,0.061538462,0,0,241
638,Lake County,IL,15,1998,0.045977011,0,0,379
639,Lake County,IL,15,1999,0.074074074,0,0,383
640,Lake County,IL,15,2000,0.094736842,0,0,419
641,Lake County,IL,15,2001,0.081395349,0,0,398
642,Lake County,IL,15,2002,0.02173913,0,0,338
643,Lake County,IL,15,2003,0.08490566,0,0,412
644,Lake County,IL,15,2004,0.042553191,0,0,345
645,Lake County,IL,15,2005,0.08045977,0,0,313
646,Lake County,IL,15,2006,0.07079646,0,0,425
647,Lake County,IL,15,2007,0.071428571,0.000214777,1,381
648,Lake County,IL,15,2008,0.034883721,0,0,326
649,Lake County,IL,15,2009,0.04494382,0,0,288
650,Lake County,IL,15,2010,0.079207921,0,0,479
651,Lake County,IL,15,2011,0.09009009,0.00116764,7,831
652,Lake County,IL,15,2012,0.150442478,0,0,981
653,Lake County,IL,15,2013,0.106382979,0,0,1114
654,Lake County,IL,15,2014,0.161538462,0.005935078,49,1063
655,Lake County,IL,15,2015,0.144827586,0,0,828
656,Lake County,IL,15,2016,0.15,0.002293817,22,693
657,Lake County,IL,15,2017,0.111111111,0.000492465,5,669
658,Lake County,IL,15,2018,0.115384615,0.00181686,15,929
659,Lake County,IL,15,2019,0.090225564,0,0,1010
660,Los Angeles County,CA,16,1976,0.08815427,0.001729389,113,1264
661,Los Angeles County,CA,16,1977,0.047887324,0.000880268,55,1210
662,Los Angeles County,CA,16,1978,0.057803468,0.000589821,35,1163
663,Los Angeles County,CA,16,1979,0.072289157,0.001795742,55,820
664,Los Angeles County,CA,16,1980,0.058419244,0.001789763,75,1048
665,Los Angeles County,CA,16,1981,0.050675676,0.001498905,65,1171
666,Los Angeles County,CA,16,1982,0.078358209,0.001802258,64,940
667,Los Angeles County,CA,16,1983,0.076923077,0.002693724,90,912
668,Los Angeles County,CA,16,1984,0.088967972,0.002611367,102,1158
669,Los Angeles County,CA,16,1985,0.065743945,0.00159698,66,1159
670,Los Angeles County,CA,16,1986,0.075657895,0.001628309,74.5,1176
671,Los Angeles County,CA,16,1987,0.082236842,0.001551811,71,1334
672,Los Angeles County,CA,16,1988,0.119266055,0.002548372,135,1185
673,Los Angeles County,CA,16,1989,0.082386364,0.002132682,131,1375
674,Los Angeles County,CA,16,1990,0.068767908,0.001672795,101,1203
675,Los Angeles County,CA,16,1991,0.087818697,0.002816628,174,1448
676,Los Angeles County,CA,16,1992,0.091954023,0.002198864,132,1269
677,Los Angeles County,CA,16,1993,0.095367847,0.002515158,168,1262
678,Los Angeles County,CA,16,1994,0.099730458,0.002753973,188,1522
679,Los Angeles County,CA,16,1995,0.065753425,0.001740684,115,1314
680,Los Angeles County,CA,16,1996,0.081151832,0.001526454,110.5,1294
681,Los Angeles County,CA,16,1997,0.102702703,0.003475904,236,1372
682,Los Angeles County,CA,16,1998,0.136069114,0.00423197,450.6666667,1794
683,Los Angeles County,CA,16,1999,0.132118451,0.004116903,394,1700
684,Los Angeles County,CA,16,2000,0.125773196,0.005141762,601,1803
685,Los Angeles County,CA,16,2001,0.133474576,0.00482149,533.6666667,1760
686,Los Angeles County,CA,16,2002,0.125274725,0.002732639,281,1745
687,Los Angeles County,CA,16,2003,0.154,0.004494934,558.5,1822
688,Los Angeles County,CA,16,2004,0.153100775,0.007351441,973,1751
689,Los Angeles County,CA,16,2005,0.156378601,0.006465309,758.8333333,1567
690,Los Angeles County,CA,16,2006,0.15530303,0.004131764,572.6666667,1933
691,Los Angeles County,CA,16,2007,0.161157025,0.007800486,908,1801
692,Los Angeles County,CA,16,2008,0.147826087,0.007544405,793,1659
693,Los Angeles County,CA,16,2009,0.149377593,0.007402114,854.5,1641
694,Los Angeles County,CA,16,2010,0.186813187,0.008923592,1322.833333,2032
695,Los Angeles County,CA,16,2011,0.155932203,0.008754605,1516,2045
696,Los Angeles County,CA,16,2012,0.188216039,0.007085879,1316.166667,2149
697,Los Angeles County,CA,16,2013,0.17699115,0.004568974,1045.5,2462
698,Los Angeles County,CA,16,2014,0.176296296,0.008511206,1930.35,2864
699,Los Angeles County,CA,16,2015,0.190277778,0.009021738,2328.7,3058
700,Los Angeles County,CA,16,2016,0.199152542,0.007168167,1788.966667,2975
701,Los Angeles County,CA,16,2017,0.180203046,0.007882544,2438,3159
702,Los Angeles County,CA,16,2018,0.217177914,0.011019893,3646.383333,3025
703,Los Angeles County,CA,16,2019,0.214125561,0.011907086,4721.1,3618
704,Maricopa County,AZ,17,1976,0,0,0,77
705,Maricopa County,AZ,17,1977,0.027027027,0,0,85
706,Maricopa County,AZ,17,1978,0,0,0,79
707,Maricopa County,AZ,17,1979,0,0,0,58
708,Maricopa County,AZ,17,1980,0.047619048,0,0,75
709,Maricopa County,AZ,17,1981,0.017857143,0,0,107
710,Maricopa County,AZ,17,1982,0.02173913,0,0,100
711,Maricopa County,AZ,17,1983,0.044444444,0,0,87
712,Maricopa County,AZ,17,1984,0.057692308,0,0,82
713,Maricopa County,AZ,17,1985,0.101694915,0.000604961,1,129
714,Maricopa County,AZ,17,1986,0.090909091,0,0,133
715,Maricopa County,AZ,17,1987,0.052631579,0.000649351,1,134
716,Maricopa County,AZ,17,1988,0.073529412,0,0,148
717,Maricopa County,AZ,17,1989,0.088607595,0.000666001,2,159
718,Maricopa County,AZ,17,1990,0.058139535,0.000280112,1,162
719,Maricopa County,AZ,17,1991,0.083333333,0.000447928,2,155
720,Maricopa County,AZ,17,1992,0.055555556,0.000510725,2,158
721,Maricopa County,AZ,17,1993,0.06,0.000618429,3,168
722,Maricopa County,AZ,17,1994,0.110091743,0.000865351,5,182
723,Maricopa County,AZ,17,1995,0.083333333,0.001119821,5,177
724,Maricopa County,AZ,17,1996,0.118644068,0.003536693,24,204
725,Maricopa County,AZ,17,1997,0.067961165,0.000194137,1,185
726,Maricopa County,AZ,17,1998,0.110429448,0.000153362,2,311
727,Maricopa County,AZ,17,1999,0.104938272,0.000854037,11,340
728,Maricopa County,AZ,17,2000,0.14379085,0.001917044,22,338
729,Maricopa County,AZ,17,2001,0.084507042,0.000607903,6,375
730,Maricopa County,AZ,17,2002,0.063380282,0.000607903,6,506
731,Maricopa County,AZ,17,2003,0.094117647,0.001408848,20,533
732,Maricopa County,AZ,17,2004,0.086092715,0.001073826,12,482
733,Maricopa County,AZ,17,2005,0.091503268,0.002178459,25,429
734,Maricopa County,AZ,17,2006,0.099415205,0.001809955,26,510
735,Maricopa County,AZ,17,2007,0.115853659,0.003862758,51,482
736,Maricopa County,AZ,17,2008,0.133333333,0.003666018,49,529
737,Maricopa County,AZ,17,2009,0.077922078,0.00128999,15,485
738,Maricopa County,AZ,17,2010,0.086021505,0.001645123,28,620
739,Maricopa County,AZ,17,2011,0.159793814,0.006368739,118,754
740,Maricopa County,AZ,17,2012,0.125523013,0.005123568,144.5,935
741,Maricopa County,AZ,17,2013,0.156118143,0.005679769,157.5,925
742,Maricopa County,AZ,17,2014,0.178438662,0.007392811,264.5,1033
743,Maricopa County,AZ,17,2015,0.139534884,0.004136009,185.5,1133
744,Maricopa County,AZ,17,2016,0.147157191,0.003050641,135,1212
745,Maricopa County,AZ,17,2017,0.158064516,0.003204724,152.5,1280
746,Maricopa County,AZ,17,2018,0.171974522,0.003358729,164,1509
747,Maricopa County,AZ,17,2019,0.127423823,0.002081399,134.5,1733
748,Middlesex County,MA,18,1976,0.073394495,0.002769124,16,668
749,Middlesex County,MA,18,1977,0.092307692,0.003149225,26,599
750,Middlesex County,MA,18,1978,0.119047619,0.005032258,39,624
751,Middlesex County,MA,18,1979,0.058823529,0.000990099,5,449
752,Middlesex County,MA,18,1980,0.069565217,0.004191896,27,578
753,Middlesex County,MA,18,1981,0.113043478,0.006520727,42,667
754,Middlesex County,MA,18,1982,0.104761905,0.006534727,35,542
755,Middlesex County,MA,18,1983,0.104761905,0.003920836,21,528
756,Middlesex County,MA,18,1984,0.107438017,0.006162465,44,655
757,Middlesex County,MA,18,1985,0.062992126,0.001650794,13,578
758,Middlesex County,MA,18,1986,0.094202899,0.004830399,45,551
759,Middlesex County,MA,18,1987,0.152866242,0.01497105,181,713
760,Middlesex County,MA,18,1988,0.153409091,0.013300493,202.5,682
761,Middlesex County,MA,18,1989,0.108108108,0.00599905,101,878
762,Middlesex County,MA,18,1990,0.168367347,0.012741211,241,875
763,Middlesex County,MA,18,1991,0.126213592,0.007986609,167,866
764,Middlesex County,MA,18,1992,0.210526316,0.029316596,752,1015
765,Middlesex County,MA,18,1993,0.197478992,0.018498653,517.3333333,1063
766,Middlesex County,MA,18,1994,0.206751055,0.019251112,533.8333333,997
767,Middlesex County,MA,18,1995,0.219917012,0.021077406,604.5,906
768,Middlesex County,MA,18,1996,0.301003344,0.037903268,1677.333333,970
769,Middlesex County,MA,18,1997,0.357859532,0.049104016,2173,1033
770,Middlesex County,MA,18,1998,0.333333333,0.03794183,2357.25,1408
771,Middlesex County,MA,18,1999,0.295212766,0.029012002,2034.466667,1465
772,Middlesex County,MA,18,2000,0.288409704,0.02921458,1994.333333,1422
773,Middlesex County,MA,18,2001,0.375,0.042473928,3107.095238,1444
774,Middlesex County,MA,18,2002,0.306784661,0.032368795,1843.5,1405
775,Middlesex County,MA,18,2003,0.28030303,0.029709353,2311.833333,1645
776,Middlesex County,MA,18,2004,0.31420765,0.038007426,2524.833333,1570
777,Middlesex County,MA,18,2005,0.349854227,0.047766859,2785.333333,1363
778,Middlesex County,MA,18,2006,0.37037037,0.045761574,3725.266667,1792
779,Middlesex County,MA,18,2007,0.308900524,0.033146843,2399.5,1647
780,Middlesex County,MA,18,2008,0.274509804,0.042719163,3529.5,1685
781,Middlesex County,MA,18,2009,0.380952381,0.046364283,4060.166667,1823
782,Middlesex County,MA,18,2010,0.412955466,0.061206484,7423,2353
783,Middlesex County,MA,18,2011,0.399590164,0.060490165,7158.466667,2523
784,Middlesex County,MA,18,2012,0.382239382,0.052831007,7046.916667,2813
785,Middlesex County,MA,18,2013,0.460869565,0.071939622,11830.54286,3243
786,Middlesex County,MA,18,2014,0.524451939,0.081879659,14323.7,3380
787,Middlesex County,MA,18,2015,0.515202703,0.08168791,14241.87868,3599
788,Middlesex County,MA,18,2016,0.521079258,0.070923615,12407.09349,3712
789,Middlesex County,MA,18,2017,0.596182085,0.077917465,17988.02587,4251
790,Middlesex County,MA,18,2018,0.54368932,0.075242674,14298.8167,4128
791,Middlesex County,MA,18,2019,0.543275632,0.073704337,20701.70563,4999
792,Monroe County,NY,19,1976,0.064516129,0,0,361
793,Monroe County,NY,19,1977,0.035714286,0,0,389
794,Monroe County,NY,19,1978,0.034482759,0,0,367
795,Monroe County,NY,19,1979,0,0,0,298
796,Monroe County,NY,19,1980,0.083333333,0,0,344
797,Monroe County,NY,19,1981,0,0,0,376
798,Monroe County,NY,19,1982,0.037037037,0,0,318
799,Monroe County,NY,19,1983,0.045454545,0,0,312
800,Monroe County,NY,19,1984,0.032258065,0,0,350
801,Monroe County,NY,19,1985,0.037037037,0,0,290
802,Monroe County,NY,19,1986,0.038461538,0,0,304
803,Monroe County,NY,19,1987,0.066666667,0,0,386
804,Monroe County,NY,19,1988,0.028571429,0,0,520
805,Monroe County,NY,19,1989,0.026315789,0,0,681
806,Monroe County,NY,19,1990,0.081081081,0,0,804
807,Monroe County,NY,19,1991,0.113636364,0.003322259,3,973
808,Monroe County,NY,19,1992,0.119047619,0,0,888
809,Monroe County,NY,19,1993,0.111111111,0.005285412,5,1132
810,Monroe County,NY,19,1994,0.142857143,0,0,1016
811,Monroe County,NY,19,1995,0.085106383,0,0,911
812,Monroe County,NY,19,1996,0.137931034,0.007518797,12,966
813,Monroe County,NY,19,1997,0.148148148,0.005079826,7,1001
814,Monroe County,NY,19,1998,0.206896552,0.013157895,21,1359
815,Monroe County,NY,19,1999,0.112903226,0.006557377,12,1198
816,Monroe County,NY,19,2000,0.196721311,0.024293785,43,1040
817,Monroe County,NY,19,2001,0.1,0.00255102,3,936
818,Monroe County,NY,19,2002,0.133333333,0.000584454,1,906
819,Monroe County,NY,19,2003,0.186440678,0.008469449,14,991
820,Monroe County,NY,19,2004,0.333333333,0.018831169,29,943
821,Monroe County,NY,19,2005,0.276595745,0.017874396,18.5,710
822,Monroe County,NY,19,2006,0.176470588,0,0,833
823,Monroe County,NY,19,2007,0.191489362,0.008695652,9,642
824,Monroe County,NY,19,2008,0.351851852,0.049709724,68.5,484
825,Monroe County,NY,19,2009,0.227272727,0.03654485,33,460
826,Monroe County,NY,19,2010,0.149253731,0.016783217,36,544
827,Monroe County,NY,19,2011,0.23880597,0.015384615,33,512
828,Monroe County,NY,19,2012,0.277777778,0.038815117,152,676
829,Monroe County,NY,19,2013,0.27027027,0.053462709,140.5,656
830,Monroe County,NY,19,2014,0.243243243,0.042237443,111,686
831,Monroe County,NY,19,2015,0.333333333,0.052984574,131.6666667,508
832,Monroe County,NY,19,2016,0.329411765,0.059236948,206.5,440
833,Monroe County,NY,19,2017,0.168539326,0.014106583,54,300
834,Monroe County,NY,19,2018,0.366666667,0.063712972,249.5,266
835,Monroe County,NY,19,2019,0.222222222,0.023493361,92,299
836,Montgomery County,MD,20,1976,0.071428571,0,0,47
837,Montgomery County,MD,20,1977,0,0,0,59
838,Montgomery County,MD,20,1978,0.034482759,0,0,61
839,Montgomery County,MD,20,1979,0.055555556,0,0,39
840,Montgomery County,MD,20,1980,0.029411765,0,0,75
841,Montgomery County,MD,20,1981,0.086956522,0,0,52
842,Montgomery County,MD,20,1982,0.066666667,0,0,65
843,Montgomery County,MD,20,1983,0,0,0,46
844,Montgomery County,MD,20,1984,0.060606061,0.002016129,1,73
845,Montgomery County,MD,20,1985,0.2,0.003623188,1,53
846,Montgomery County,MD,20,1986,0.03030303,0,0,58
847,Montgomery County,MD,20,1987,0.0625,0.002150538,1,76
848,Montgomery County,MD,20,1988,0.071428571,0,0,74
849,Montgomery County,MD,20,1989,0.058823529,0,0,129
850,Montgomery County,MD,20,1990,0.066666667,0.001057082,1,104
851,Montgomery County,MD,20,1991,0.12244898,0.000886525,1,113
852,Montgomery County,MD,20,1992,0.096153846,0.007058824,9,107
853,Montgomery County,MD,20,1993,0.147540984,0.008474576,15,110
854,Montgomery County,MD,20,1994,0.05,0.000584454,1,111
855,Montgomery County,MD,20,1995,0.107692308,0.001488095,3,129
856,Montgomery County,MD,20,1996,0.139240506,0.008991009,27,163
857,Montgomery County,MD,20,1997,0.340425532,0.039036933,167,224
858,Montgomery County,MD,20,1998,0.165217391,0.011488899,74,293
859,Montgomery County,MD,20,1999,0.323529412,0.03960396,200,330
860,Montgomery County,MD,20,2000,0.19,0.009276438,45,338
861,Montgomery County,MD,20,2001,0.429824561,0.096871049,613,337
862,Montgomery County,MD,20,2002,0.243902439,0.032041729,236.5,453
863,Montgomery County,MD,20,2003,0.483333333,0.068271376,479.3333333,495
864,Montgomery County,MD,20,2004,0.241071429,0.015642916,95.5,402
865,Montgomery County,MD,20,2005,0.27027027,0.026939116,161.5,407
866,Montgomery County,MD,20,2006,0.233576642,0.02369281,217.5,523
867,Montgomery County,MD,20,2007,0.2109375,0.024246969,194,492
868,Montgomery County,MD,20,2008,0.207692308,0.015625,129,441
869,Montgomery County,MD,20,2009,0.194690265,0.012387387,77,433
870,Montgomery County,MD,20,2010,0.331288344,0.061575033,803,607
871,Montgomery County,MD,20,2011,0.2,0.018683113,206,590
872,Montgomery County,MD,20,2012,0.243055556,0.033684625,342,626
873,Montgomery County,MD,20,2013,0.25136612,0.033452735,551,646
874,Montgomery County,MD,20,2014,0.267759563,0.037125858,611.5,605
875,Montgomery County,MD,20,2015,0.284090909,0.048275862,735,558
876,Montgomery County,MD,20,2016,0.270588235,0.038848972,551.5,537
877,Montgomery County,MD,20,2017,0.256684492,0.033594885,578,615
878,Montgomery County,MD,20,2018,0.30964467,0.053479853,1022,619
879,Montgomery County,MD,20,2019,0.375527426,0.061870417,1715.666667,722
880,New York County,NY,21,1976,0.1197411,0.005139811,243,4431
881,New York County,NY,21,1977,0.068181818,0.000745141,35,3913
882,New York County,NY,21,1978,0.106007067,0.001110522,44,3786
883,New York County,NY,21,1979,0.07755102,0.001517911,45,2687
884,New York County,NY,21,1980,0.11026616,0.003348834,114.5,3135
885,New York County,NY,21,1981,0.071917808,0.001658964,70,3298
886,New York County,NY,21,1982,0.095435685,0.00125523,36,2831
887,New York County,NY,21,1983,0.089285714,0.001454369,36,2780
888,New York County,NY,21,1984,0.1375,0.008157238,232,3222
889,New York County,NY,21,1985,0.144067797,0.01018367,280,2828
890,New York County,NY,21,1986,0.105932203,0.002291326,63,2422
891,New York County,NY,21,1987,0.165384615,0.007123402,238,2485
892,New York County,NY,21,1988,0.144067797,0.002291326,63,1987
893,New York County,NY,21,1989,0.134831461,0.002865655,101,2480
894,New York County,NY,21,1990,0.099585062,0.001882845,54,2234
895,New York County,NY,21,1991,0.089430894,0.00200736,60,2019
896,New York County,NY,21,1992,0.123931624,0.002811899,76,1812
897,New York County,NY,21,1993,0.168949772,0.00490424,116,1702
898,New York County,NY,21,1994,0.137096774,0.004196702,127.5,1559
899,New York County,NY,21,1995,0.107843137,0.004438375,91,1506
900,New York County,NY,21,1996,0.215447154,0.012077618,361,1569
901,New York County,NY,21,1997,0.228310502,0.01454361,344,1521
902,New York County,NY,21,1998,0.254071661,0.01668631,778.6666667,2093
903,New York County,NY,21,1999,0.259259259,0.017031069,885.6666667,2163
904,New York County,NY,21,2000,0.234285714,0.023556631,1430.5,2365
905,New York County,NY,21,2001,0.196969697,0.015234636,822,2445
906,New York County,NY,21,2002,0.212962963,0.01019172,530,1743
907,New York County,NY,21,2003,0.196551724,0.012375048,515,1278
908,New York County,NY,21,2004,0.18707483,0.014785637,632.5,1089
909,New York County,NY,21,2005,0.200772201,0.014418001,478,957
910,New York County,NY,21,2006,0.171171171,0.007707567,423.5,1285
911,New York County,NY,21,2007,0.141538462,0.0055804,292,1223
912,New York County,NY,21,2008,0.163043478,0.00474978,319,1325
913,New York County,NY,21,2009,0.151234568,0.005884276,306,1264
914,New York County,NY,21,2010,0.200483092,0.008938856,760.5,1645
915,New York County,NY,21,2011,0.178997613,0.009839019,857.5,1383
916,New York County,NY,21,2012,0.197424893,0.010266036,1107.5,1736
917,New York County,NY,21,2013,0.172932331,0.005011311,705.1666667,1790
918,New York County,NY,21,2014,0.155440415,0.006845454,1141.5,1865
919,New York County,NY,21,2015,0.183928571,0.007197312,1122.5,1817
920,New York County,NY,21,2016,0.199626866,0.012664076,1809,2233
921,New York County,NY,21,2017,0.197472354,0.01641708,3273.5,2704
922,New York County,NY,21,2018,0.161129568,0.008484008,1529.666667,2773
923,New York County,NY,21,2019,0.195355191,0.007094804,1893,3354
924,Norfolk County,MA,22,1976,0,0,0,50
925,Norfolk County,MA,22,1977,0,0,0,27
926,Norfolk County,MA,22,1978,0,0,0,33
927,Norfolk County,MA,22,1979,0,0,0,18
928,Norfolk County,MA,22,1980,0,0,0,25
929,Norfolk County,MA,22,1981,0.041666667,0,0,42
930,Norfolk County,MA,22,1982,0,0,0,35
931,Norfolk County,MA,22,1983,0,0,0,30
932,Norfolk County,MA,22,1984,0.052631579,0,0,45
933,Norfolk County,MA,22,1985,0.04,0,0,43
934,Norfolk County,MA,22,1986,0,0,0,37
935,Norfolk County,MA,22,1987,0.16,0.010869565,3,60
936,Norfolk County,MA,22,1988,0.151515152,0.02016129,10,49
937,Norfolk County,MA,22,1989,0.066666667,0,0,71
938,Norfolk County,MA,22,1990,0.176470588,0.001893939,1,74
939,Norfolk County,MA,22,1991,0.026315789,0,0,78
940,Norfolk County,MA,22,1992,0.066666667,0,0,71
941,Norfolk County,MA,22,1993,0.028571429,0,0,77
942,Norfolk County,MA,22,1994,0.102564103,0.00284495,2,110
943,Norfolk County,MA,22,1995,0.209302326,0.013937282,12,114
944,Norfolk County,MA,22,1996,0.170731707,0.019230769,15,147
945,Norfolk County,MA,22,1997,0.152173913,0.01010101,10,160
946,Norfolk County,MA,22,1998,0.129032258,0.001639344,3,178
947,Norfolk County,MA,22,1999,0.237288136,0.031760436,52.5,159
948,Norfolk County,MA,22,2000,0.132075472,0.004524887,6,144
949,Norfolk County,MA,22,2001,0.236111111,0.013078471,32.5,188
950,Norfolk County,MA,22,2002,0.13559322,0.012704174,21,159
951,Norfolk County,MA,22,2003,0.085106383,0.004830918,5,189
952,Norfolk County,MA,22,2004,0.105263158,0.000649351,1,221
953,Norfolk County,MA,22,2005,0.12195122,0.007692308,6,202
954,Norfolk County,MA,22,2006,0.113636364,0.003322259,3,212
955,Norfolk County,MA,22,2007,0.071428571,0,0,211
956,Norfolk County,MA,22,2008,0.179487179,0.021337127,15,177
957,Norfolk County,MA,22,2009,0,0,0,132
958,Norfolk County,MA,22,2010,0.025,0,0,201
959,Norfolk County,MA,22,2011,0.023809524,0,0,189
960,Norfolk County,MA,22,2012,0.130434783,0.006060606,6,232
961,Norfolk County,MA,22,2013,0.024390244,0,0,258
962,Norfolk County,MA,22,2014,0.090909091,0.002096436,3,283
963,Norfolk County,MA,22,2015,0.078431373,0.004897959,6,250
964,Norfolk County,MA,22,2016,0.114754098,0.005084746,9,267
965,Norfolk County,MA,22,2017,0.122807018,0.00974026,15,246
966,Norfolk County,MA,22,2018,0.098039216,0.00244898,3,243
967,Norfolk County,MA,22,2019,0.105263158,0.006493506,10,268
968,Oakland County,MI,23,1976,0.027777778,0,0,188
969,Oakland County,MI,23,1977,0.011904762,0,0,194
970,Oakland County,MI,23,1978,0.023809524,0,0,256
971,Oakland County,MI,23,1979,0,0,0,202
972,Oakland County,MI,23,1980,0,0,0,298
973,Oakland County,MI,23,1981,0.05,0.00032457,1,344
974,Oakland County,MI,23,1982,0.013333333,0,0,315
975,Oakland County,MI,23,1983,0.044117647,0,0,331
976,Oakland County,MI,23,1984,0.058252427,0,0,404
977,Oakland County,MI,23,1985,0.010752688,0,0,290
978,Oakland County,MI,23,1986,0.063829787,0.000233754,1,295
979,Oakland County,MI,23,1987,0.038834951,0,0,326
980,Oakland County,MI,23,1988,0.060606061,0,0,335
981,Oakland County,MI,23,1989,0.041958042,0,0,343
982,Oakland County,MI,23,1990,0.070921986,0,0,318
983,Oakland County,MI,23,1991,0.042553191,0,0,349
984,Oakland County,MI,23,1992,0.078431373,0,0,352
985,Oakland County,MI,23,1993,0.115107914,5.29E-05,0.5,361
986,Oakland County,MI,23,1994,0.064516129,0,0,371
987,Oakland County,MI,23,1995,0.044025157,0,0,334
988,Oakland County,MI,23,1996,0.047337278,0,0,537
989,Oakland County,MI,23,1997,0.050314465,0,0,538
990,Oakland County,MI,23,1998,0.081967213,0.000242851,4,716
991,Oakland County,MI,23,1999,0.121827411,0.001779173,34,892
992,Oakland County,MI,23,2000,0.199052133,0.002126528,46.66666667,1133
993,Oakland County,MI,23,2001,0.140096618,0.000852475,18,1287
994,Oakland County,MI,23,2002,0.117647059,0,0,1637
995,Oakland County,MI,23,2003,0.155440415,0.001636126,30,1565
996,Oakland County,MI,23,2004,0.271356784,0.005332513,104,1526
997,Oakland County,MI,23,2005,0.255208333,0.004767153,86.5,1287
998,Oakland County,MI,23,2006,0.210762332,0.003465003,85,1350
999,Oakland County,MI,23,2007,0.212765957,0.00172503,30,1183
1000,Oakland County,MI,23,2008,0.2,0.001125746,20,982
1001,Oakland County,MI,23,2009,0.188311688,0.003869969,45,1041
1002,Oakland County,MI,23,2010,0.173913043,0.001657589,35,1063
1003,Oakland County,MI,23,2011,0.178010471,0.005569479,100,865
1004,Oakland County,MI,23,2012,0.185929648,0.001384402,27,959
1005,Oakland County,MI,23,2013,0.183486239,0.004693634,110,977
1006,Oakland County,MI,23,2014,0.195348837,0.003641788,83,1014
1007,Oakland County,MI,23,2015,0.148325359,0.00083612,18,1067
1008,Oakland County,MI,23,2016,0.121212121,0.001346732,26,1150
1009,Oakland County,MI,23,2017,0.159624413,0.000268264,6,1292
1010,Oakland County,MI,23,2018,0.143518519,0.001521408,35,1461
1011,Oakland County,MI,23,2019,0.0995671,0.001518891,40,1571
1012,Orange County,CA,24,1976,0.026548673,0,0,269
1013,Orange County,CA,24,1977,0.0390625,0,0,317
1014,Orange County,CA,24,1978,0.031007752,0,0,316
1015,Orange County,CA,24,1979,0.01980198,0,0,243
1016,Orange County,CA,24,1980,0,0,0,304
1017,Orange County,CA,24,1981,0.015873016,0,0,359
1018,Orange County,CA,24,1982,0.042253521,0.000303951,3,386
1019,Orange County,CA,24,1983,0.031746032,0,0,335
1020,Orange County,CA,24,1984,0.049295775,0.000101317,1,384
1021,Orange County,CA,24,1985,0.01875,0,0,369
1022,Orange County,CA,24,1986,0.023809524,0,0,320
1023,Orange County,CA,24,1987,0.043243243,5.94E-05,1,360
1024,Orange County,CA,24,1988,0.034090909,0,0,347
1025,Orange County,CA,24,1989,0.043668122,0.000231857,6,498
1026,Orange County,CA,24,1990,0.064814815,4.35E-05,1,441
1027,Orange County,CA,24,1991,0.060747664,4.43E-05,1,397
1028,Orange County,CA,24,1992,0.027522936,0.000128008,3,512
1029,Orange County,CA,24,1993,0.035555556,0,0,599
1030,Orange County,CA,24,1994,0.040816327,0.000202388,6,691
1031,Orange County,CA,24,1995,0.064885496,8.84E-05,3,717
1032,Orange County,CA,24,1996,0.062992126,9.41E-05,3,690
1033,Orange County,CA,24,1997,0.102649007,0.000974529,44,717
1034,Orange County,CA,24,1998,0.104557641,0.00073182,50.5,948
1035,Orange County,CA,24,1999,0.107142857,0.000695128,53,1018
1036,Orange County,CA,24,2000,0.112781955,0.001253117,99,987
1037,Orange County,CA,24,2001,0.131313131,0.00025702,20,1110
1038,Orange County,CA,24,2002,0.11622276,1.18E-05,1,1189
1039,Orange County,CA,24,2003,0.149625935,0.002581454,206,1344
1040,Orange County,CA,24,2004,0.100817439,4.49E-05,3,1459
1041,Orange County,CA,24,2005,0.098092643,4.49E-05,3,1467
1042,Orange County,CA,24,2006,0.11820331,0.000191375,17,1974
1043,Orange County,CA,24,2007,0.127937337,0.000467219,34,1630
1044,Orange County,CA,24,2008,0.12979351,8.78E-05,5,1721
1045,Orange County,CA,24,2009,0.091397849,0.000145698,10,1758
1046,Orange County,CA,24,2010,0.131519274,0.000776558,75,2325
1047,Orange County,CA,24,2011,0.147727273,0.00044726,43,2673
1048,Orange County,CA,24,2012,0.164383562,0.002727378,354,2902
1049,Orange County,CA,24,2013,0.183673469,0.004028992,582,3096
1050,Orange County,CA,24,2014,0.159929701,0.002095909,337.5,3483
1051,Orange County,CA,24,2015,0.141156463,0.000369205,63.5,3338
1052,Orange County,CA,24,2016,0.125,0.000403947,63,2939
1053,Orange County,CA,24,2017,0.140752864,0.001308245,243,2294
1054,Orange County,CA,24,2018,0.109500805,0.000521132,100,2057
1055,Orange County,CA,24,2019,0.163934426,0.003230484,724,2355
1056,San Diego County,CA,25,1976,0.024390244,0,0,121
1057,San Diego County,CA,25,1977,0.017857143,0,0,134
1058,San Diego County,CA,25,1978,0.016949153,0,0,125
1059,San Diego County,CA,25,1979,0.041666667,0,0,98
1060,San Diego County,CA,25,1980,0.023809524,0,0,108
1061,San Diego County,CA,25,1981,0.078431373,0.000816327,1,120
1062,San Diego County,CA,25,1982,0.12,0.00255102,3,124
1063,San Diego County,CA,25,1983,0.102040816,0.004432624,5,110
1064,San Diego County,CA,25,1984,0.080645161,0.00273224,5,116
1065,San Diego County,CA,25,1985,0.048780488,0,0,161
1066,San Diego County,CA,25,1986,0.06185567,0.000219298,1,195
1067,San Diego County,CA,25,1987,0.068627451,0.001188119,6,203
1068,San Diego County,CA,25,1988,0.072072072,0.000834028,5,204
1069,San Diego County,CA,25,1989,0.093333333,9.07E-05,1,262
1070,San Diego County,CA,25,1990,0.0625,0.000238834,3,298
1071,San Diego County,CA,25,1991,0.138728324,0.005541956,81.5,385
1072,San Diego County,CA,25,1992,0.097297297,0.000831551,14,421
1073,San Diego County,CA,25,1993,0.07486631,0.001453066,25,466
1074,San Diego County,CA,25,1994,0.111627907,0.00144794,33,476
1075,San Diego County,CA,25,1995,0.131914894,0.001155497,31.5,492
1076,San Diego County,CA,25,1996,0.06374502,0.000674699,21,611
1077,San Diego County,CA,25,1997,0.090909091,0.000935804,35,712
1078,San Diego County,CA,25,1998,0.15451895,0.004253057,248,980
1079,San Diego County,CA,25,1999,0.170603675,0.006501412,468.1666667,1056
1080,San Diego County,CA,25,2000,0.167979003,0.005776975,416,1119
1081,San Diego County,CA,25,2001,0.162234043,0.005796791,406.5,1230
1082,San Diego County,CA,25,2002,0.195822454,0.00940622,684.5,1316
1083,San Diego County,CA,25,2003,0.183257919,0.009400124,912,1422
1084,San Diego County,CA,25,2004,0.188264059,0.008641663,717.5,1503
1085,San Diego County,CA,25,2005,0.148876404,0.006604599,415,1237
1086,San Diego County,CA,25,2006,0.204603581,0.012655725,960,1638
1087,San Diego County,CA,25,2007,0.177545692,0.008409944,612,1504
1088,San Diego County,CA,25,2008,0.130769231,0.008546895,645,1462
1089,San Diego County,CA,25,2009,0.159600998,0.007307853,583.1666667,1570
1090,San Diego County,CA,25,2010,0.192546584,0.01271987,1474.5,2278
1091,San Diego County,CA,25,2011,0.220675944,0.016743406,2105.5,2727
1092,San Diego County,CA,25,2012,0.234234234,0.007533571,1154,3250
1093,San Diego County,CA,25,2013,0.224956063,0.016566477,2667.666667,4323
1094,San Diego County,CA,25,2014,0.219312602,0.005340655,992,5039
1095,San Diego County,CA,25,2015,0.244766506,0.015595306,2992.583333,5455
1096,San Diego County,CA,25,2016,0.268138801,0.0216653,4333.666667,5442
1097,San Diego County,CA,25,2017,0.279761905,0.014519059,3263.666667,5509
1098,San Diego County,CA,25,2018,0.295522388,0.016050858,3586.5,5056
1099,San Diego County,CA,25,2019,0.294197031,0.026588158,7270,5452
1100,San Mateo County,CA,26,1976,0.047619048,0.001219512,1,142
1101,San Mateo County,CA,26,1977,0.0625,0.000925069,1,131
1102,San Mateo County,CA,26,1978,0.1,0,0,142
1103,San Mateo County,CA,26,1979,0.064516129,0,0,112
1104,San Mateo County,CA,26,1980,0.051282051,0,0,120
1105,San Mateo County,CA,26,1981,0.075,0.004048583,3,139
1106,San Mateo County,CA,26,1982,0.058823529,0.001893939,1,126
1107,San Mateo County,CA,26,1983,0.142857143,0.017094017,6,100
1108,San Mateo County,CA,26,1984,0.096774194,0.002298851,1,154
1109,San Mateo County,CA,26,1985,0.142857143,0.010695187,6,183
1110,San Mateo County,CA,26,1986,0.057692308,0.001568627,2,166
1111,San Mateo County,CA,26,1987,0.112903226,0.008196721,15,230
1112,San Mateo County,CA,26,1988,0.166666667,0.00362173,9,233
1113,San Mateo County,CA,26,1989,0.188405797,0.007462687,17,275
1114,San Mateo County,CA,26,1990,0.086956522,0.001221001,5,267
1115,San Mateo County,CA,26,1991,0.104166667,0.000223964,1,278
1116,San Mateo County,CA,26,1992,0.145631068,0.004076878,21,324
1117,San Mateo County,CA,26,1993,0.103773585,0.001465201,8,334
1118,San Mateo County,CA,26,1994,0.101851852,0.002292365,13,309
1119,San Mateo County,CA,26,1995,0.144,0.001835825,14,335
1120,San Mateo County,CA,26,1996,0.2,0.008753226,78,358
1121,San Mateo County,CA,26,1997,0.147651007,0.009009009,98,421
1122,San Mateo County,CA,26,1998,0.150259067,0.003054101,56,733
1123,San Mateo County,CA,26,1999,0.228571429,0.005697154,123.8333333,601
1124,San Mateo County,CA,26,2000,0.190909091,0.008336475,199,592
1125,San Mateo County,CA,26,2001,0.267942584,0.004552211,98,666
1126,San Mateo County,CA,26,2002,0.325892857,0.012362138,306,717
1127,San Mateo County,CA,26,2003,0.3,0.028156054,612,783
1128,San Mateo County,CA,26,2004,0.241071429,0.005898275,146,645
1129,San Mateo County,CA,26,2005,0.240566038,0.005100429,113,577
1130,San Mateo County,CA,26,2006,0.179916318,0.004786725,135,833
1131,San Mateo County,CA,26,2007,0.19047619,0.003220464,70,957
1132,San Mateo County,CA,26,2008,0.289915966,0.001823643,51,916
1133,San Mateo County,CA,26,2009,0.191176471,0.009307093,340.5,807
1134,San Mateo County,CA,26,2010,0.24375,0.011099939,563,1394
1135,San Mateo County,CA,26,2011,0.269565217,0.011916062,703,1522
1136,San Mateo County,CA,26,2012,0.253694581,0.01103777,903,1810
1137,San Mateo County,CA,26,2013,0.344186047,0.024079114,2210.607143,1929
1138,San Mateo County,CA,26,2014,0.331125828,0.013977461,1424.666667,2192
1139,San Mateo County,CA,26,2015,0.269807281,0.007040011,762.75,2271
1140,San Mateo County,CA,26,2016,0.288343558,0.001843,219,2422
1141,San Mateo County,CA,26,2017,0.28600823,0.025548834,2998.666667,2970
1142,San Mateo County,CA,26,2018,0.276391555,0.007904748,1066.666667,2977
1143,San Mateo County,CA,26,2019,0.330973451,0.023791828,3777.333333,3907
1144,Santa Clara,CA,27,1976,0.074829932,0.001228153,13,670
1145,Santa Clara,CA,27,1977,0.117647059,0.002763958,25,642
1146,Santa Clara,CA,27,1978,0.088888889,0.001009988,9,592
1147,Santa Clara,CA,27,1979,0.032,0.000393391,3,514
1148,Santa Clara,CA,27,1980,0.089041096,0.00105364,11,587
1149,Santa Clara,CA,27,1981,0.126582278,0.001633186,20,641
1150,Santa Clara,CA,27,1982,0.059210526,0.001324503,15,526
1151,Santa Clara,CA,27,1983,0.073333333,0.001632505,18,550
1152,Santa Clara,CA,27,1984,0.106145251,0.001142639,18,701
1153,Santa Clara,CA,27,1985,0.1,0.000394011,7,773
1154,Santa Clara,CA,27,1986,0.095652174,0.000919329,24,874
1155,Santa Clara,CA,27,1987,0.113553114,0.001641524,60.5,1132
1156,Santa Clara,CA,27,1988,0.142361111,0.002339124,96,1128
1157,Santa Clara,CA,27,1989,0.136094675,0.002119542,120,1483
1158,Santa Clara,CA,27,1990,0.153374233,0.00365622,192.5,1402
1159,Santa Clara,CA,27,1991,0.115044248,0.002045546,116.5,1645
1160,Santa Clara,CA,27,1992,0.124309392,0.000884888,57.5,1849
1161,Santa Clara,CA,27,1993,0.188172043,0.003853719,264.5,2167
1162,Santa Clara,CA,27,1994,0.148401826,0.000986711,94,2589
1163,Santa Clara,CA,27,1995,0.18879668,0.004279279,494,3120
1164,Santa Clara,CA,27,1996,0.236084453,0.002275085,307,3774
1165,Santa Clara,CA,27,1997,0.277280859,0.011399394,1771.5,4218
1166,Santa Clara,CA,27,1998,0.343302991,0.015026104,4425.608333,6643
1167,Santa Clara,CA,27,1999,0.355400697,0.015360845,5673.835426,7743
1168,Santa Clara,CA,27,2000,0.362385321,0.008382579,3176.033333,8599
1169,Santa Clara,CA,27,2001,0.389296957,0.021489057,9727.580325,9175
1170,Santa Clara,CA,27,2002,0.375404531,0.022237947,9523.956962,9546
1171,Santa Clara,CA,27,2003,0.354304636,0.013125755,5369.221212,9838
1172,Santa Clara,CA,27,2004,0.398706897,0.018734789,8040.989993,9777
1173,Santa Clara,CA,27,2005,0.395076202,0.027305769,9899.051038,9158
1174,Santa Clara,CA,27,2006,0.385,0.020456563,10197.61715,11286
1175,Santa Clara,CA,27,2007,0.375,0.0222618,9066.184778,9984
1176,Santa Clara,CA,27,2008,0.398930481,0.02274502,9910.255303,10227
1177,Santa Clara,CA,27,2009,0.452406417,0.027287995,11889.67947,10829
1178,Santa Clara,CA,27,2010,0.526871401,0.029782423,16121.82129,13224
1179,Santa Clara,CA,27,2011,0.506091846,0.02038741,11572.81153,13022
1180,Santa Clara,CA,27,2012,0.563442768,0.028342181,17951.22868,14949
1181,Santa Clara,CA,27,2013,0.629660315,0.023570487,17126.66973,17622
1182,Santa Clara,CA,27,2014,0.718009479,0.032638356,26093.71274,20558
1183,Santa Clara,CA,27,2015,0.719367589,0.029408983,23474.7208,20531
1184,Santa Clara,CA,27,2016,0.736924278,0.020878029,17089.91903,22244
1185,Santa Clara,CA,27,2017,0.724335966,0.018763926,18166.03193,22759
1186,Santa Clara,CA,27,2018,0.680365297,0.024433033,21044.85549,20861
1187,Santa Clara,CA,27,2019,0.763701068,0.026902287,26496.22377,23965
1188,Travis County,TX,28,1976,0,0,0,11
1189,Travis County,TX,28,1977,0,0,0,11
1190,Travis County,TX,28,1978,0.125,0,0,7
1191,Travis County,TX,28,1979,0,0,0,6
1192,Travis County,TX,28,1980,0,0,0,12
1193,Travis County,TX,28,1981,0,0,0,21
1194,Travis County,TX,28,1982,0.090909091,0,0,26
1195,Travis County,TX,28,1983,0.066666667,0,0,24
1196,Travis County,TX,28,1984,0.0625,0,0,34
1197,Travis County,TX,28,1985,0.230769231,0,0,38
1198,Travis County,TX,28,1986,0.1,0,0,36
1199,Travis County,TX,28,1987,0.055555556,0,0,48
1200,Travis County,TX,28,1988,0.130434783,0,0,50
1201,Travis County,TX,28,1989,0.285714286,0.001424501,0.5,103
1202,Travis County,TX,28,1990,0.103448276,0,0,123
1203,Travis County,TX,28,1991,0.210526316,0.01951952,13,176
1204,Travis County,TX,28,1992,0.222222222,0.020084567,19,170
1205,Travis County,TX,28,1993,0.16,0.007653061,9,203
1206,Travis County,TX,28,1994,0.288135593,0.01814882,30,234
1207,Travis County,TX,28,1995,0.131147541,0.014124294,25,275
1208,Travis County,TX,28,1996,0.28,0.029803776,80.5,328
1209,Travis County,TX,28,1997,0.329545455,0.01336541,50,323
1210,Travis County,TX,28,1998,0.190909091,0.007560313,44.5,394
1211,Travis County,TX,28,1999,0.260504202,0.02100536,145,408
1212,Travis County,TX,28,2000,0.14516129,0.004731441,35.5,461
1213,Travis County,TX,28,2001,0.164179104,0.010252905,90,580
1214,Travis County,TX,28,2002,0.172932331,0.007286607,63,603
1215,Travis County,TX,28,2003,0.255172414,0.018890831,194.5,681
1216,Travis County,TX,28,2004,0.174825175,0.010688243,107,762
1217,Travis County,TX,28,2005,0.166666667,0.007567626,70.5,857
1218,Travis County,TX,28,2006,0.210843373,0.00879527,119,1086
1219,Travis County,TX,28,2007,0.204225352,0.006382979,63,1081
1220,Travis County,TX,28,2008,0.389705882,0.013266998,120,1041
1221,Travis County,TX,28,2009,0.290697674,0.025696594,373.5,1113
1222,Travis County,TX,28,2010,0.210526316,0.011144883,198,1346
1223,Travis County,TX,28,2011,0.292553191,0.023834167,414.5,1300
1224,Travis County,TX,28,2012,0.273504274,0.020293769,548.5,1295
1225,Travis County,TX,28,2013,0.235772358,0.017564403,525,1399
1226,Travis County,TX,28,2014,0.272727273,0.022552873,843.5,1485
1227,Travis County,TX,28,2015,0.214559387,0.012370062,416.5,1629
1228,Travis County,TX,28,2016,0.275167785,0.024467649,1075.5,1686
1229,Travis County,TX,28,2017,0.223529412,0.010595032,607,1842
1230,Travis County,TX,28,2018,0.184952978,0.010931889,551,1525
1231,Travis County,TX,28,2019,0.204938272,0.017418863,1418,1775
1232,Wake County,NC,29,1976,0,0,0,7
1233,Wake County,NC,29,1977,0,0,0,9
1234,Wake County,NC,29,1978,0,0,0,14
1235,Wake County,NC,29,1979,0,0,0,14
1236,Wake County,NC,29,1980,0,0,0,15
1237,Wake County,NC,29,1981,0,0,0,15
1238,Wake County,NC,29,1982,0,0,0,15
1239,Wake County,NC,29,1983,0,0,0,13
1240,Wake County,NC,29,1984,0,0,0,15
1241,Wake County,NC,29,1985,0.076923077,0,0,16
1242,Wake County,NC,29,1986,0.071428571,0,0,20
1243,Wake County,NC,29,1987,0,0,0,27
1244,Wake County,NC,29,1988,0.071428571,0,0,21
1245,Wake County,NC,29,1989,0.052631579,0,0,38
1246,Wake County,NC,29,1990,0.1,0,0,44
1247,Wake County,NC,29,1991,0.16,0.003623188,1,58
1248,Wake County,NC,29,1992,0.103448276,0.002645503,1,66
1249,Wake County,NC,29,1993,0.147058824,0.013257576,7,80
1250,Wake County,NC,29,1994,0.172413793,0.007936508,3,64
1251,Wake County,NC,29,1995,0.1875,0.015053763,7,73
1252,Wake County,NC,29,1996,0.052631579,0,0,97
1253,Wake County,NC,29,1997,0.139534884,0,0,99
1254,Wake County,NC,29,1998,0.106382979,0.001932367,2,141
1255,Wake County,NC,29,1999,0.153846154,0.003137255,4,145
1256,Wake County,NC,29,2000,0.120689655,0.003132832,5,175
1257,Wake County,NC,29,2001,0.147058824,0.009045681,20,204
1258,Wake County,NC,29,2002,0.189655172,0.012531328,20,192
1259,Wake County,NC,29,2003,0.194029851,0.009324009,20,202
1260,Wake County,NC,29,2004,0.265625,0.010582011,20.66666667,175
1261,Wake County,NC,29,2005,0.112676056,0.001656315,4,172
1262,Wake County,NC,29,2006,0.089552239,0.001864802,4,180
1263,Wake County,NC,29,2007,0.161764706,0.013116237,29,182
1264,Wake County,NC,29,2008,0.181818182,0.018070175,51.5,226
1265,Wake County,NC,29,2009,0.195402299,0.005471956,20,260
1266,Wake County,NC,29,2010,0.166666667,0.013789581,54,432
1267,Wake County,NC,29,2011,0.15625,0.006718925,30,405
1268,Wake County,NC,29,2012,0.157894737,0.002844501,18,489
1269,Wake County,NC,29,2013,0.148148148,0.005106049,45.5,632
1270,Wake County,NC,29,2014,0.114285714,0.00448337,43,711
1271,Wake County,NC,29,2015,0.168067227,0.015935101,110,619
1272,Wake County,NC,29,2016,0.118110236,0.00431746,34,591
1273,Wake County,NC,29,2017,0.179856115,0.011001798,104,611
1274,Wake County,NC,29,2018,0.140127389,0.008188586,99,578
1275,Wake County,NC,29,2019,0.159509202,0.009661836,126,728
1276,Washington County,OR,30,1976,0,0,0,31
1277,Washington County,OR,30,1977,0,0,0,21
1278,Washington County,OR,30,1978,0,0,0,48
1279,Washington County,OR,30,1979,0,0,0,32
1280,Washington County,OR,30,1980,0,0,0,55
1281,Washington County,OR,30,1981,0,0,0,53
1282,Washington County,OR,30,1982,0.0625,0,0,41
1283,Washington County,OR,30,1983,0,0,0,37
1284,Washington County,OR,30,1984,0.083333333,0,0,56
1285,Washington County,OR,30,1985,0.071428571,0,0,110
1286,Washington County,OR,30,1986,0.076923077,0,0,107
1287,Washington County,OR,30,1987,0.090909091,0,0,165
1288,Washington County,OR,30,1988,0.304347826,0.021645022,5,201
1289,Washington County,OR,30,1989,0.161290323,0,0,196
1290,Washington County,OR,30,1990,0.085714286,0,0,164
1291,Washington County,OR,30,1991,0.076923077,0,0,189
1292,Washington County,OR,30,1992,0.073170732,0,0,195
1293,Washington County,OR,30,1993,0.028571429,0,0,178
1294,Washington County,OR,30,1994,0,0,0,176
1295,Washington County,OR,30,1995,0.022727273,0,0,122
1296,Washington County,OR,30,1996,0.021276596,0,0,107
1297,Washington County,OR,30,1997,0.153846154,0.001422475,1,238
1298,Washington County,OR,30,1998,0.24,0.018707483,22,304
1299,Washington County,OR,30,1999,0.093023256,0.003484321,3,194
1300,Washington County,OR,30,2000,0.055555556,0.000725689,1,231
1301,Washington County,OR,30,2001,0.040816327,0,0,237
1302,Washington County,OR,30,2002,0.070175439,0,0,320
1303,Washington County,OR,30,2003,0.153846154,0,0,346
1304,Washington County,OR,30,2004,0.113636364,0,0,405
1305,Washington County,OR,30,2005,0.048780488,0,0,377
1306,Washington County,OR,30,2006,0.018867925,0,0,647
1307,Washington County,OR,30,2007,0.034482759,0,0,535
1308,Washington County,OR,30,2008,0.038461538,0,0,549
1309,Washington County,OR,30,2009,0,0,0,445
1310,Washington County,OR,30,2010,0.103448276,0.001879699,3,517
1311,Washington County,OR,30,2011,0.129032258,0.004918033,9,627
1312,Washington County,OR,30,2012,0.076923077,0.000496032,1,712
1313,Washington County,OR,30,2013,0.033898305,0,0,896
1314,Washington County,OR,30,2014,0.06557377,0,0,893
1315,Washington County,OR,30,2015,0.046875,0,0,821
1316,Washington County,OR,30,2016,0.157142857,0.002131287,5,1018
1317,Washington County,OR,30,2017,0.171875,0,0,1532
1318,Washington County,OR,30,2018,0.051724138,0,0,1138
1319,Washington County,OR,30,2019,0.081967213,0.002824859,5,1294
1320,Wayne County,MI,31,1976,0.055555556,0.000804829,2,894
1321,Wayne County,MI,31,1977,0.054054054,0.001141553,3,753
1322,Wayne County,MI,31,1978,0.039473684,0.001081081,3,688
1323,Wayne County,MI,31,1979,0.035714286,0.000673401,1,623
1324,Wayne County,MI,31,1980,0.075471698,0.003770739,5,751
1325,Wayne County,MI,31,1981,0.060606061,0.001442308,3,728
1326,Wayne County,MI,31,1982,0.140350877,0.008441558,13,634
1327,Wayne County,MI,31,1983,0.050847458,0.001814882,3,649
1328,Wayne County,MI,31,1984,0.066666667,0.002961866,8,824
1329,Wayne County,MI,31,1985,0.102941176,0.001356852,3,785
1330,Wayne County,MI,31,1986,0.086956522,0.000877963,2,731
1331,Wayne County,MI,31,1987,0.121212121,0.002403846,5,889
1332,Wayne County,MI,31,1988,0.058823529,0.000452284,1,757
1333,Wayne County,MI,31,1989,0.060240964,0.001806685,6,880
1334,Wayne County,MI,31,1990,0.08988764,0.001567398,6,838
1335,Wayne County,MI,31,1991,0.141176471,0.000573723,2,947
1336,Wayne County,MI,31,1992,0.08045977,0.00246238,9,894
1337,Wayne County,MI,31,1993,0.131578947,0.003963964,11,956
1338,Wayne County,MI,31,1994,0.107843137,0.001782178,9,1000
1339,Wayne County,MI,31,1995,0.090909091,0.002405774,9,937
1340,Wayne County,MI,31,1996,0.113636364,0.004009623,15,1000
1341,Wayne County,MI,31,1997,0.246753247,0.034035088,97,843
1342,Wayne County,MI,31,1998,0.263736264,0.015480649,62,1040
1343,Wayne County,MI,31,1999,0.254385965,0.019437421,123,1015
1344,Wayne County,MI,31,2000,0.247311828,0.02317248,97,916
1345,Wayne County,MI,31,2001,0.325842697,0.027429467,105,1080
1346,Wayne County,MI,31,2002,0.227272727,0.030205827,113,1099
1347,Wayne County,MI,31,2003,0.265060241,0.016260163,54,1215
1348,Wayne County,MI,31,2004,0.234567901,0.010443038,33,1322
1349,Wayne County,MI,31,2005,0.127659574,0.00514259,22,1053
1350,Wayne County,MI,31,2006,0.222222222,0.011992426,57,1283
1351,Wayne County,MI,31,2007,0.298850575,0.022435021,82,1247
1352,Wayne County,MI,31,2008,0.2,0.005553499,15,1229
1353,Wayne County,MI,31,2009,0.256097561,0.013580247,44,1326
1354,Wayne County,MI,31,2010,0.423076923,0.037089917,194.8333333,1756
1355,Wayne County,MI,31,2011,0.307692308,0.050436954,202,1768
1356,Wayne County,MI,31,2012,0.421487603,0.011554622,82.5,2194
1357,Wayne County,MI,31,2013,0.349593496,0.016122477,119,2652
1358,Wayne County,MI,31,2014,0.403225806,0.032520325,244,2621
1359,Wayne County,MI,31,2015,0.398230088,0.03225547,200.5,3040
1360,Wayne County,MI,31,2016,0.314516129,0.017926163,134.5,3217
1361,Wayne County,MI,31,2017,0.41322314,0.039355742,281,3576
1362,Wayne County,MI,31,2018,0.276785714,0.018263718,111.5,3797
1363,Wayne County,MI,31,2019,0.369747899,0.030614709,211.3333333,4563
1364,Westchester County,NY,32,1976,0.054054054,0,0,1133
1365,Westchester County,NY,32,1977,0.026315789,0,0,1132
1366,Westchester County,NY,32,1978,0.040540541,0,0,1010
1367,Westchester County,NY,32,1979,0.095238095,0.000528821,1,800
1368,Westchester County,NY,32,1980,0.056338028,0,0,1078
1369,Westchester County,NY,32,1981,0.092307692,0,0,1246
1370,Westchester County,NY,32,1982,0.081967213,0,0,1133
1371,Westchester County,NY,32,1983,0.074074074,0,0,1074
1372,Westchester County,NY,32,1984,0.1,0.001278772,3,1329
1373,Westchester County,NY,32,1985,0.058823529,0,0,1314
1374,Westchester County,NY,32,1986,0.135135135,0,0,1216
1375,Westchester County,NY,32,1987,0.196721311,0,0,1236
1376,Westchester County,NY,32,1988,0.083333333,0,0,1138
1377,Westchester County,NY,32,1989,0.109756098,0.008333333,27,1343
1378,Westchester County,NY,32,1990,0.112676056,0,0,1339
1379,Westchester County,NY,32,1991,0.149425287,0.00629275,23,1414
1380,Westchester County,NY,32,1992,0.125,0,0,1510
1381,Westchester County,NY,32,1993,0.093333333,0.004072566,11,1805
1382,Westchester County,NY,32,1994,0.178571429,0,0,1891
1383,Westchester County,NY,32,1995,0.2,0.00831899,29,2012
1384,Westchester County,NY,32,1996,0.188888889,0.003830439,15,2421
1385,Westchester County,NY,32,1997,0.221153846,0.010660575,56,2229
1386,Westchester County,NY,32,1998,0.241071429,0.006879607,42,3159
1387,Westchester County,NY,32,1999,0.197916667,0.006047032,27,3283
1388,Westchester County,NY,32,2000,0.240310078,0.007012795,57,3397
1389,Westchester County,NY,32,2001,0.356521739,0.016612327,107,3816
1390,Westchester County,NY,32,2002,0.289473684,0.005609987,35.5,3702
1391,Westchester County,NY,32,2003,0.188034188,0.006296852,42,3757
1392,Westchester County,NY,32,2004,0.214953271,0.00754717,42,3528
1393,Westchester County,NY,32,2005,0.18556701,0.008552632,39,3228
1394,Westchester County,NY,32,2006,0.242990654,0.00952381,53,3970
1395,Westchester County,NY,32,2007,0.227272727,0.011043153,65,3439
1396,Westchester County,NY,32,2008,0.27,0.019480519,94.5,4493
1397,Westchester County,NY,32,2009,0.435643564,0.034444444,170.5,5203
1398,Westchester County,NY,32,2010,0.369230769,0.031613372,261,6348
1399,Westchester County,NY,32,2011,0.365079365,0.030645161,237.5,6464
1400,Westchester County,NY,32,2012,0.32,0.021374246,163,6830
1401,Westchester County,NY,32,2013,0.407142857,0.047961631,460,7163
1402,Westchester County,NY,32,2014,0.358974359,0.020737327,247.5,7889
1403,Westchester County,NY,32,2015,0.374100719,0.02448958,231.5,7690
1404,Westchester County,NY,32,2016,0.401360544,0.034246575,362.5,8484
1405,Westchester County,NY,32,2017,0.471428571,0.056354916,540.5,9524
1406,Westchester County,NY,32,2018,0.295454545,0.023018203,196,9662
1407,Westchester County,NY,32,2019,0.318471338,0.030024814,363,10035
1408,Williamson County,TX,33,1976,0,0,0,0
1409,Williamson County,TX,33,1977,0,0,0,0
1410,Williamson County,TX,33,1978,0,0,0,0
1411,Williamson County,TX,33,1979,0,0,0,0
1412,Williamson County,TX,33,1980,0,0,0,0
1413,Williamson County,TX,33,1981,0,0,0,0
1414,Williamson County,TX,33,1982,0,0,0,1
1415,Williamson County,TX,33,1983,0,0,0,0
1416,Williamson County,TX,33,1984,0,0,0,0
1417,Williamson County,TX,33,1985,0,0,0,0
1418,Williamson County,TX,33,1986,0,0,0,3
1419,Williamson County,TX,33,1987,0,0,0,5
1420,Williamson County,TX,33,1988,0,0,0,1
1421,Williamson County,TX,33,1989,0.142857143,0,0,6
1422,Williamson County,TX,33,1990,0,0,0,5
1423,Williamson County,TX,33,1991,0.166666667,0,0,7
1424,Williamson County,TX,33,1992,0,0,0,1
1425,Williamson County,TX,33,1993,0,0,0,1
1426,Williamson County,TX,33,1994,0,0,0,7
1427,Williamson County,TX,33,1995,0,0,0,5
1428,Williamson County,TX,33,1996,0,0,0,8
1429,Williamson County,TX,33,1997,0.111111111,0,0,35
1430,Williamson County,TX,33,1998,0.166666667,0,0,72
1431,Williamson County,TX,33,1999,0.125,0,0,85
1432,Williamson County,TX,33,2000,0.090909091,0,0,101
1433,Williamson County,TX,33,2001,0.3125,0,0,147
1434,Williamson County,TX,33,2002,0.076923077,0,0,124
1435,Williamson County,TX,33,2003,0.181818182,0,0,146
1436,Williamson County,TX,33,2004,0.090909091,0,0,154
1437,Williamson County,TX,33,2005,0.222222222,0,0,151
1438,Williamson County,TX,33,2006,0.117647059,0,0,148
1439,Williamson County,TX,33,2007,0,0,0,165
1440,Williamson County,TX,33,2008,0,0,0,188
1441,Williamson County,TX,33,2009,0,0,0,264
1442,Williamson County,TX,33,2010,0,0,0,231
1443,Williamson County,TX,33,2011,0,0,0,259
1444,Williamson County,TX,33,2012,0.041666667,0,0,293
1445,Williamson County,TX,33,2013,0.03030303,0,0,304
1446,Williamson County,TX,33,2014,0.028571429,0,0,416
1447,Williamson County,TX,33,2015,0.103448276,0,0,476
1448,Williamson County,TX,33,2016,0.1,0,0,642
1449,Williamson County,TX,33,2017,0.128205128,0,0,756
1450,Williamson County,TX,33,2018,0.170731707,0,0,794
1451,Williamson County,TX,33,2019,0.027027027,0,0,817
